Topall,rank
YDR037W,1
YER133W,2
YKL067W,3
YOR133W,4
YLR259C,5
YCL017C,6
YOR261C,7
YPL266W,8
YEL051W,9
YOL021C,10
YER136W,11
YBR010W,12
YFL039C,13
YOL139C,14
YBR109C,15
YML085C,16
YFL038C,17
YDR188W,18
YFR004W,19
YNL064C,20
YNL178W,21
YDL191W,22
YBL072C,23
YER148W,24
YNL112W,25
YBR118W,26
YDL143W,27
YGL167C,28
YNL330C,29
YPL091W,30
YPR108W,31
YDL097C,32
YOL038W,33
YOL077C,34
YOL094C,35
YPL244C,36
YDR226W,37
YLR234W,38
YPL204W,39
YHL015W,40
YJL190C,41
YGR195W,42
YNL189W,43
YNL207W,44
YDL147W,45
YLR277C,46
YOR207C,47
YJR064W,48
YOR224C,49
YOR335C,50
YFL037W,51
YIL142W,52
YLL018C,53
YPL259C,54
YGR094W,55
YBL076C,56
YDR172W,57
YHR068W,58
YJR068W,59
YBR025C,60
YBR127C,61
YDL014W,62
YJL008C,63
YLR060W,64
YCR072C,65
YDR050C,66
YER094C,67
YBL023C,68
YDL007W,69
YLR075W,70
YOR244W,71
YOR259C,72
YOR312C,73
YCR012W,74
YHR027C,75
YLR172C,76
YMR131C,77
YCL043C,78
YDR155C,79
YER043C,80
YGL238W,81
YOR157C,82
YPR173C,83
YBL091C,84
YDR120C,85
YLR447C,86
YPL218W,87
YER107C,88
YGL201C,89
YOR362C,90
YOR232W,91
YDR189W,92
YBR196C,93
YOL093W,94
YAL016W,95
YGL206C,96
YDR238C,97
YIL078W,98
YPL090C,99
YBR034C,100
YKL002W,101
YNL030W,102
YDL126C,103
YNL088W,104
YER165W,105
YJL115W,106
YHR203C,107
YOR243C,108
YJR121W,109
YJR123W,110
YKL135C,111
YDR023W,112
YDR190C,113
YHR170W,114
YMR146C,115
YMR216C,116
YOR027W,117
YEL054C,118
YGL058W,119
YJL111W,120
YOR270C,121
YBR011C,122
YLR163C,123
YMR314W,124
YOL133W,125
YPR033C,126
YDR510W,127
YGL048C,128
YJR099W,129
YKL024C,130
YKL085W,131
YKL113C,132
YGR244C,133
YHR008C,134
YKL104C,135
YKL196C,136
YLR027C,137
YNL301C,138
YNL320W,139
YPR103W,140
YBL040C,141
YDR424C,142
YKL210W,143
YPR041W,144
YDL125C,145
YJL001W,146
YNL287W,147
YDL195W,148
YDR012W,149
YHL032C,150
YMR260C,151
YPL237W,152
YPR088C,153
YBL050W,154
YBR160W,155
YNL061W,156
YOL010W,157
YPL151C,158
YPL093W,159
YLR378C,160
YKL009W,161
YDL060W,162
YCR057C,163
YBR080C,164
YLR340W,165
YPR010C,166
YDR331W,167
YNR007C,168
YDL145C,169
YHR042W,170
YLR243W,171
YOR145C,172
YPL211W,173
YDL015C,174
YDR092W,175
YDR364C,176
YDR456W,177
YIL021W,178
YKR026C,179
YPR113W,180
YDL103C,181
YHR013C,182
YJL014W,183
YJL197W,184
YBR087W,185
YEL056W,186
YIL018W,187
YLR274W,188
YMR226C,189
YBL036C,190
YDL055C,191
YGL091C,192
YKL193C,193
YKR068C,194
YNL132W,195
YPL209C,196
YAL036C,197
YBL027W,198
YDL132W,199
YML069W,200
YER003C,201
YGR135W,202
YGR172C,203
YJL125C,204
YKL080W,205
YLR005W,206
YOR332W,207
YDR328C,208
YJL191W,209
YOR117W,210
YER126C,211
YLL029W,212
YML001W,213
YPR102C,214
YDL100C,215
YFR050C,216
YGR218W,217
YOR119C,218
YPR181C,219
YCR047C,220
YNR053C,221
YOR361C,222
YAR007C,223
YDL084W,224
YDR292C,225
YEL037C,226
YLR268W,227
YBL041W,228
YMR022W,229
YER082C,230
YOR063W,231
YPL235W,232
YJL138C,233
YDL160C,234
YIL125W,235
YGL011C,236
YIL103W,237
YJR007W,238
YFL018C,239
YJR070C,240
YNL075W,241
YDL164C,242
YGR020C,243
YER178W,244
YFR010W,245
YJR045C,246
YKR048C,247
YPL220W,248
YAL026C,249
YDL040C,250
YDR454C,251
YGL097W,252
YGR211W,253
YLR276C,254
YLR409C,255
YBL078C,256
YCR063W,257
YDR339C,258
YER117W,259
YER171W,260
YMR116C,261
YOR142W,262
YPL154C,263
YAL042W,264
YDR427W,265
YER021W,266
YGL003C,267
YLR129W,268
YLR212C,269
YNL202W,270
YPL008W,271
YBR221C,272
YDR135C,273
YDR267C,274
YIL143C,275
YGL022W,276
YOR187W,277
YBR055C,278
YER023W,279
YIL075C,280
YJR069C,281
YLR347C,282
YMR288W,283
YNL001W,284
YMR049C,285
YOL097C,286
YOR217W,287
YBR143C,288
YFR051C,289
YGR145W,290
YHR165C,291
YLR175W,292
YML110C,293
YOR246C,294
YPR029C,295
YDR212W,296
YGL207W,297
YLL011W,298
YER156C,299
YGL137W,300
YMR290C,301
YGR253C,302
YOL124C,303
YPR112C,304
YPR110C,305
YMR308C,306
YGR245C,307
YHR065C,308
YLR262C,309
YDR211W,310
YDR280W,311
YIL091C,312
YAL035W,313
YBL024W,314
YDL030W,315
YGR132C,316
YJL026W,317
YMR105C,318
YNL220W,319
YPR176C,320
YNL007C,321
YOL006C,322
YOR310C,323
YPL175W,324
YBR058C,325
YBR229C,326
YDR394W,327
YPL086C,328
YBR243C,329
YCR093W,330
YDR097C,331
YDR270W,332
YHR026W,333
YLR117C,334
YML092C,335
YNL241C,336
YBR088C,337
YGR085C,338
YJR072C,339
YBR039W,340
YBR159W,341
YBR202W,342
YHR012W,343
YKR002W,344
YLR009W,345
YLR240W,346
YMR309C,347
YPR019W,348
YBR247C,349
YER012W,350
YGR171C,351
YBR017C,352
YDL102W,353
YDR224C,354
YLR058C,355
YPL028W,356
YPL160W,357
YBL092W,358
YHR122W,359
YPR094W,360
YEL031W,361
YGL001C,362
YHR193C,363
YKR081C,364
YPR082C,365
YKL095W,366
YBR121C,367
YFL045C,368
YBL099W,369
YEL026W,370
YGL030W,371
YGL095C,372
YGL163C,373
YDL201W,374
YER016W,375
YKL190W,376
YKR017C,377
YLR289W,378
YDL166C,379
YDR164C,380
YFL022C,381
YOR014W,382
YER009W,383
YKL035W,384
YLR026C,385
YNL082W,386
YHR111W,387
YJR040W,388
YLL050C,389
YMR224C,390
YOR089C,391
YOR298C-A,392
YAL003W,393
YDL190C,394
YGR103W,395
YKL212W,396
YLR275W,397
YMR093W,398
YNL262W,399
YPL252C,400
YPR016C,401
YDR450W,402
YGL087C,403
YIL109C,404
YIR022W,405
YLR170C,406
YLR304C,407
YBR003W,408
YDL140C,409
YEL003W,410
YJL053W,411
YKR038C,412
YNL102W,413
YEL032W,414
YPR132W,415
YDR062W,416
YDR404C,417
YJL050W,418
YLR389C,419
YKL099C,420
YNL288W,421
YHR148W,422
YJR117W,423
YKL029C,424
YIL148W,425
YHR128W,426
YOL005C,427
YOR039W,428
YBR198C,429
YKR079C,430
YLR186W,431
YOR272W,432
YBR154C,433
YDL064W,434
YGL099W,435
YKL209C,436
YNL244C,437
YOR151C,438
YBL037W,439
YDL208W,440
YEL058W,441
YKL056C,442
YMR139W,443
YPL217C,444
YDR496C,445
YLR118C,446
YOR116C,447
YHR088W,448
YCR011C,449
YGR231C,450
YJL154C,451
YBL022C,452
YCL059C,453
YDL031W,454
YJL097W,455
YLR196W,456
YNL290W,457
YPR178W,458
YJR008W,459
YLR222C,460
YBR061C,461
YBR079C,462
YAL025C,463
YKL144C,464
YER007C-A,465
YER025W,466
YGL120C,467
YGL143C,468
YGR232W,469
YGR078C,470
YML094W,471
YDR390C,472
YJL060W,473
YLR025W,474
YLR086W,475
YNL161W,476
YOR006C,477
YOR262W,478
YBR237W,479
YHR168W,480
YIL007C,481
YJR057W,482
YJR110W,483
YKL145W,484
YLR148W,485
YLR359W,486
YMR167W,487
YPL059W,488
YPL131W,489
YPR086W,490
YBR029C,491
YDR148C,492
YGL065C,493
YGR220C,494
YIL106W,495
YJR006W,496
YBL063W,497
YKL019W,498
YLR208W,499
YPR182W,500
YGL006W,501
YGL068W,502
YGR074W,503
YLR197W,504
YML102W,505
YNL071W,506
YOR245C,507
YLR406C,508
YPR141C,509
YER015W,510
YNL227C,511
YOL090W,512
YFR031C,513
YGR246C,514
YLL041C,515
YOR112W,516
YPL037C,517
YPL122C,518
YCR024C,519
YIL033C,520
YEL002C,521
YGL043W,522
YPL043W,523
YML049C,524
YPL178W,525
YDR365C,526
YKL045W,527
YGR034W,528
YLL008W,529
YLR253W,530
YDR298C,531
YJL029C,532
YOR074C,533
YBR261C,534
YDL087C,535
YER100W,536
YLR116W,537
YAL058W,538
YDR140W,539
YJR084W,540
YLR229C,541
YML010W,542
YOR020C,543
YDL236W,544
YDR410C,545
YER164W,546
YPL022W,547
YPR028W,548
YDR435C,549
YFR009W,550
YGR116W,551
YKL134C,552
YGR278W,553
YJR017C,554
YDL090C,555
YGR155W,556
YHR076W,557
YPL010W,558
YFL002C,559
YNL072W,560
YNR052C,561
YBR110W,562
YCR036W,563
YHR200W,564
YJR105W,565
YPR183W,566
YLR083C,567
YFL008W,568
YBR267W,569
YGL190C,570
YDR091C,571
YOR206W,572
YER036C,573
YJL069C,574
YDR448W,575
YHR070W,576
YJL030W,577
YLR147C,578
YGL171W,579
YPL249C-A,580
YBR135W,581
YLR200W,582
YDR196C,583
YJL143W,584
YLR291C,585
YOR095C,586
YPR175W,587
YAL038W,588
YDR036C,589
YGR257C,590
YHR166C,591
YIR008C,592
YOR341W,593
YPR066W,594
YBR227C,595
YCR094W,596
YDL029W,597
YDR183W,598
YEL012W,599
YGR048W,600
YHR024C,601
YJL033W,602
YKR051W,603
YLR429W,604
YNR046W,605
YGR037C,606
YML035C,607
YNL169C,608
YPL029W,609
YML028W,610
YPL247C,611
YNL048W,612
YGR054W,613
YKR054C,614
YBR252W,615
YER013W,616
YDR477W,617
YOR175C,618
YPL002C,619
YLR185W,620
YOL127W,621
YOR254C,622
YHR183W,623
YLR002C,624
YNL003C,625
YOR323C,626
YPL262W,627
YAL048C,628
YML054C,629
YNL006W,630
YNL025C,631
YOR257W,632
YOR356W,633
YDR376W,634
YFR052W,635
YGR254W,636
YHR069C,637
YIL034C,638
YKL017C,639
YLL001W,640
YNR041C,641
YPR047W,642
YBR220C,643
YBR236C,644
YFL016C,645
YJR131W,646
YLR377C,647
YLR396C,648
YLR438W,649
YML130C,650
YNR001C,651
YOR196C,652
YOR250C,653
YER061C,654
YLR383W,655
YOR065W,656
YCL033C,657
YJR065C,658
YLR348C,659
YAL012W,660
YDR105C,661
YEL011W,662
YGR091W,663
YML012W,664
YMR110C,665
YOR212W,666
YOL123W,667
YKL213C,668
YML126C,669
YPR035W,670
YER095W,671
YPR160W,672
YLR167W,673
YGR090W,674
YLR325C,675
YOL012C,676
YLR354C,677
YDR382W,678
YPL227C,679
YBR170C,680
YIR005W,681
YMR080C,682
YAL032C,683
YER154W,684
YFR028C,685
YOL145C,686
YDR416W,687
YGL119W,688
YGR207C,689
YJL155C,690
YLR153C,691
YLR410W,692
YPR187W,693
YER163C,694
YGL070C,695
YHR007C,696
YJL167W,697
YMR293C,698
YGR185C,699
YPL213W,700
YJL074C,701
YBR234C,702
YOL142W,703
YDR060W,704
YMR092C,705
YEL027W,706
YGL205W,707
YGR063C,708
YKL216W,709
YNL250W,710
YPR074C,711
YDR170C,712
YER053C,713
YNL263C,714
YJR002W,715
YPR137W,716
YHR089C,717
YDL219W,718
YPL147W,719
YBL049W,720
YBR155W,721
YER006W,722
YHR074W,723
YLR438C-A,724
YMR020W,725
YMR276W,726
YGR200C,727
YNR054C,728
YPL045W,729
YDL168W,730
YDR045C,731
YKL149C,732
YMR203W,733
YNL062C,734
YNL092W,735
YCL004W,736
YDL178W,737
YDR177W,738
YER131W,739
YIL048W,740
YKL007W,741
YKL040C,742
YML093W,743
YOR150W,744
YPL040C,745
YPL065W,746
YBR254C,747
YDL135C,748
YER172C,749
YPL172C,750
YDL004W,751
YDR214W,752
YDR284C,753
YJL024C,754
YLR103C,755
YNL107W,756
YOR289W,757
YPR048W,758
YKR080W,759
YLR386W,760
YOL022C,761
YPL195W,762
YGR083C,763
YGR123C,764
YKL018W,765
YER146W,766
YKL028W,767
YNL313C,768
YJL002C,769
YMR061W,770
YOR070C,771
YMR189W,772
YPL097W,773
YBR006W,774
YBR222C,775
YDL137W,776
YDR301W,777
YGR028W,778
YJL034W,779
YOR274W,780
YBR133C,781
YCL054W,782
YDR044W,783
YDR429C,784
YHR171W,785
YJR058C,786
YKR093W,787
YOL033W,788
YOR046C,789
YOR056C,790
YOR103C,791
YOR184W,792
YGL112C,793
YHR005C,794
YLR351C,795
YLR370C,796
YMR132C,797
YNL185C,798
YOL052C,799
YPR067W,800
YDR243C,801
YKL117W,802
YKL148C,803
YMR296C,804
YNR016C,805
YOL018C,806
YMR165C,807
YGL054C,808
YIL022W,809
YPL111W,810
YBL003C,811
YMR243C,812
YMR292W,813
YHR072W-A,814
YPL012W,815
YKL180W,816
YFL030W,817
YLR216C,818
YLR448W,819
YGR271W,820
YMR001C,821
YPL009C,822
YPR069C,823
YDL052C,824
YLR264W,825
YDR086C,826
YHL010C,827
YLR299W,828
YLR398C,829
YML022W,830
YNR043W,831
YDR484W,832
YFL017W-A,833
YGR031W,834
YHL031C,835
YHR075C,836
YLL040C,837
YLR427W,838
YMR128W,839
YMR231W,840
YOR057W,841
YOR275C,842
YPL263C,843
YBL020W,844
YDR084C,845
YGR217W,846
YJL194W,847
YHR028C,848
YDR523C,849
YJL153C,850
YLR251W,851
YNL222W,852
YNL326C,853
YPR004C,854
YFL017C,855
YOL034W,856
YKL215C,857
YNL280C,858
YJL130C,859
YDL148C,860
YBR020W,861
YDL230W,862
YFR006W,863
YGR163W,864
YOR090C,865
YOR136W,866
YPL001W,867
YBL064C,868
YDR430C,869
YFR002W,870
YHL007C,871
YKL189W,872
YOR176W,873
YDL226C,874
YFL001W,875
YLR401C,876
YNL139C,877
YNL219C,878
YPR040W,879
YGR255C,880
YGR261C,881
YIL052C,882
YIL064W,883
YJR014W,884
YJR132W,885
YMR197C,886
YOL004W,887
YPR023C,888
YDR129C,889
YLL034C,890
YML038C,891
YNL045W,892
YDL081C,893
YER122C,894
YHR169W,895
YJR104C,896
YML121W,897
YMR028W,898
YNR015W,899
YEL024W,900
YLR066W,901
YOR304W,902
YBR187W,903
YOR241W,904
YOR293W,905
YBL058W,906
YDL022W,907
YGL234W,908
YGR047C,909
YNR035C,910
YGR159C,911
YKL012W,912
YAL005C,913
YBR296C,914
YGR264C,915
YNL255C,916
YIL097W,917
YMR009W,918
YOR271C,919
YBL004W,920
YBL098W,921
YFR044C,922
YGL027C,923
YGL142C,924
YGL240W,925
YHR005C-A,926
YKL010C,927
YOR004W,928
YPL046C,929
YPR073C,930
YDL108W,931
YER007W,932
YJR010W,933
YMR278W,934
YOR281C,935
YBR097W,936
YBR142W,937
YDL104C,938
YGL040C,939
YIL047C,940
YIR026C,941
YPR180W,942
YGR262C,943
YMR277W,944
YDR397C,945
YMR023C,946
YGL225W,947
YNL055C,948
YKL191W,949
YGR002C,950
YAL022C,951
YKR086W,952
YKL139W,953
YPR118W,954
YBL035C,955
YCL045C,956
YDR341C,957
YLR038C,958
YNL138W,959
YOR069W,960
YDL098C,961
YLR384C,962
YMR137C,963
YOR210W,964
YDL043C,965
YLR059C,966
YLR128W,967
YDR460W,968
YDR531W,969
YIR027C,970
YLL031C,971
YML021C,972
YMR210W,973
YEL020W-A,974
YHR204W,975
YNL141W,976
YDR268W,977
YER125W,978
YGL236C,979
YHR019C,980
YBR175W,981
YLR166C,982
YGR060W,983
YKL013C,984
YOR326W,985
YKR024C,986
YOR159C,987
YNR012W,988
YJL208C,989
YIL008W,990
YOL041C,991
YGL200C,992
YDR256C,993
YDR371W,994
YKL140W,995
YDR473C,996
YDR489W,997
YLR168C,998
YNL153C,999
YBR233W,1000
YER078C,1001
YER112W,1002
YGL124C,1003
YJR063W,1004
YKR030W,1005
YMR235C,1006
YBR192W,1007
YGR055W,1008
YHR186C,1009
YKL058W,1010
YLR127C,1011
YML077W,1012
YMR077C,1013
YMR300C,1014
YNL147W,1015
YAR003W,1016
YNL037C,1017
YOR067C,1018
YOR122C,1019
YBL082C,1020
YDR373W,1021
YGR046W,1022
YJL068C,1023
YFL036W,1024
YJL091C,1025
YOL080C,1026
YLR344W,1027
YOR036W,1028
YMR078C,1029
YIL023C,1030
YMR223W,1031
YOR204W,1032
YER157W,1033
YKL192C,1034
YNL238W,1035
YOR160W,1036
YPL082C,1037
YKL125W,1038
YOR007C,1039
YHR188C,1040
YLR388W,1041
YNR003C,1042
YPL203W,1043
YPR056W,1044
YBL097W,1045
YDL217C,1046
YDR246W,1047
YPR025C,1048
YBL021C,1049
YGR080W,1050
YGR194C,1051
YBL026W,1052
YGR024C,1053
YGR029W,1054
YMR076C,1055
YKL021C,1056
YNL284C,1057
YMR012W,1058
YGL055W,1059
YGR173W,1060
YDR299W,1061
YPL104W,1062
YIL035C,1063
YMR089C,1064
YFL044C,1065
YJL141C,1066
YOR048C,1067
YDL114W,1068
YDR002W,1069
YHR132C,1070
YLR088W,1071
YLR323C,1072
YNL267W,1073
YOR346W,1074
YPL170W,1075
YPL120W,1076
YDR080W,1077
YOL002C,1078
YPL013C,1079
YPL212C,1080
YDR013W,1081
YDR419W,1082
YGR223C,1083
YMR304W,1084
YBR235W,1085
YDL091C,1086
YDR452W,1087
YPL042C,1088
YBR241C,1089
YKL152C,1090
YGR267C,1091
YMR079W,1092
YBR070C,1093
YJL109C,1094
YJL189W,1095
YDL066W,1096
YDR264C,1097
YNL023C,1098
YGL115W,1099
YJL072C,1100
YNR036C,1101
YJR102C,1102
YOR001W,1103
YDR265W,1104
YDR324C,1105
YLR207W,1106
YOR167C,1107
YDL238C,1108
YDR236C,1109
YDR255C,1110
YKL160W,1111
YLR306W,1112
YNL312W,1113
YBL016W,1114
YDR021W,1115
YER070W,1116
YKL025C,1117
YLR246W,1118
YPR105C,1119
YNL135C,1120
YDR225W,1121
YHR099W,1122
YGR187C,1123
YOR096W,1124
YGL094C,1125
YGL256W,1126
YHL001W,1127
YGR274C,1128
YHR077C,1129
YNL148C,1130
YNL201C,1131
YNL275W,1132
YGL047W,1133
YGR061C,1134
YJR044C,1135
YLR133W,1136
YNL271C,1137
YPL051W,1138
YBL084C,1139
YEL046C,1140
YHR113W,1141
YIL065C,1142
YJL035C,1143
YPL132W,1144
YBL105C,1145
YFR019W,1146
YGR208W,1147
YNL265C,1148
YIL110W,1149
YOR085W,1150
YFL005W,1151
YKL165C,1152
YJL124C,1153
YPR129W,1154
YPR036W,1155
YER162C,1156
YMR229C,1157
YDR221W,1158
YHR018C,1159
YLR017W,1160
YLR074C,1161
YAR035W,1162
YDL074C,1163
YGR258C,1164
YLR245C,1165
YOR100C,1166
YPR051W,1167
YDR266C,1168
YGL083W,1169
YJR048W,1170
YOR123C,1171
YBL080C,1172
YDR152W,1173
YJR135W-A,1174
YKL110C,1175
YNR030W,1176
YOR336W,1177
YPL088W,1178
YBR018C,1179
YBR291C,1180
YCR042C,1181
YEL042W,1182
YGL216W,1183
YKR031C,1184
YDR099W,1185
YLR314C,1186
YMR026C,1187
YNL113W,1188
YKL120W,1189
YHL002W,1190
YHR039C-A,1191
YDR378C,1192
YIL044C,1193
YIL128W,1194
YJL180C,1195
YBL079W,1196
YML060W,1197
YBL047C,1198
YBR060C,1199
YDL206W,1200
YGL233W,1201
YHR011W,1202
YJL080C,1203
YLR032W,1204
YNL142W,1205
YOR161C,1206
YHR175W,1207
YGR101W,1208
YHR079C,1209
YBL102W,1210
YBR041W,1211
YKL154W,1212
YGL195W,1213
YLR336C,1214
YML042W,1215
YFR015C,1216
YGR243W,1217
YMR109W,1218
YPR189W,1219
YPL125W,1220
YER183C,1221
YDR386W,1222
YGR284C,1223
YLR113W,1224
YEL021W,1225
YER168C,1226
YGR227W,1227
YHR102W,1228
YBR035C,1229
YDL188C,1230
YLR293C,1231
YML059C,1232
YNL223W,1233
YOL087C,1234
YCR044C,1235
YDR142C,1236
YDR529C,1237
YGR036C,1238
YIL049W,1239
YOL058W,1240
YHR114W,1241
YOL107W,1242
YOR143C,1243
YPL169C,1244
YPR184W,1245
YGL100W,1246
YKL218C,1247
YJL031C,1248
YPL249C,1249
YLR106C,1250
YLR180W,1251
YMR097C,1252
YGL244W,1253
YDL051W,1254
YBL039C,1255
YOR125C,1256
YGL173C,1257
YCR088W,1258
YER110C,1259
YBR004C,1260
YBR103W,1261
YCR075C,1262
YLR239C,1263
YMR183C,1264
YNL110C,1265
YDR283C,1266
YGR005C,1267
YJR024C,1268
YKR009C,1269
YKR070W,1270
YML104C,1271
YNL163C,1272
YCL039W,1273
YER057C,1274
YFR021W,1275
YJL059W,1276
YNR008W,1277
YDR372C,1278
YOR111W,1279
YDR242W,1280
YER031C,1281
YPR165W,1282
YLL019C,1283
YGR285C,1284
YJL010C,1285
YEL020C,1286
YGL241W,1287
YHR001W,1288
YPL236C,1289
YDR400W,1290
YMR002W,1291
YAL019W,1292
YGR003W,1293
YHR023W,1294
YIL061C,1295
YOL008W,1296
YGL183C,1297
YHR051W,1298
YOR236W,1299
YHR002W,1300
YLR284C,1301
YGL044C,1302
YLR459W,1303
YML131W,1304
YGL246C,1305
YJR125C,1306
YHL030W,1307
YOR308C,1308
YDR244W,1309
YER081W,1310
YLR114C,1311
YNL024C,1312
YJR148W,1313
YPR144C,1314
YJL172W,1315
YPL210C,1316
YLR209C,1317
YLR305C,1318
YPR100W,1319
YEL064C,1320
YLR109W,1321
YMR035W,1322
YOR386W,1323
YIL062C,1324
YIL129C,1325
YAL002W,1326
YKR062W,1327
YJR035W,1328
YLL009C,1329
YOR005C,1330
YKL022C,1331
YOR209C,1332
YCL057W,1333
YDR333C,1334
YER174C,1335
YJL036W,1336
YLR215C,1337
YNR029C,1338
YLR191W,1339
YLR316C,1340
YMR213W,1341
YOR093C,1342
YPR133C,1343
YDR208W,1344
YAL021C,1345
YEL004W,1346
YHL021C,1347
YDL047W,1348
YMR120C,1349
YML123C,1350
YNL308C,1351
YEL013W,1352
YMR236W,1353
YNL016W,1354
YFR014C,1355
YDR513W,1356
YHL003C,1357
YJL100W,1358
YGL180W,1359
YER014W,1360
YJL088W,1361
YJL133W,1362
YML098W,1363
YNL243W,1364
YOR251C,1365
YBL019W,1366
YGL018C,1367
YKL172W,1368
YPR168W,1369
YDL075W,1370
YDL153C,1371
YER140W,1372
YOR101W,1373
YDR167W,1374
YDR381W,1375
YJR138W,1376
YGR095C,1377
YGR178C,1378
YBR186W,1379
YGL179C,1380
YGR021W,1381
YAR018C,1382
YDR054C,1383
YNR017W,1384
YOR339C,1385
YDR049W,1386
YFR053C,1387
YGL037C,1388
YGL161C,1389
YHR123W,1390
YOL135C,1391
YOR194C,1392
YFR018C,1393
YGR181W,1394
YJR050W,1395
YGR209C,1396
YHR207C,1397
YGR184C,1398
YDR334W,1399
YDR287W,1400
YHR164C,1401
YOR141C,1402
YOR164C,1403
YGL017W,1404
YGL125W,1405
YJL041W,1406
YLR399C,1407
YML014W,1408
YOL115W,1409
YGR119C,1410
YNL121C,1411
YNL317W,1412
YGL150C,1413
YHL016C,1414
YHR143W-A,1415
YHR058C,1416
YDR168W,1417
YFL007W,1418
YKL203C,1419
YLR418C,1420
YEL053C,1421
YPL074W,1422
YJL102W,1423
YNL286W,1424
YOR367W,1425
YBR265W,1426
YCR059C,1427
YDL003W,1428
YIR001C,1429
YLL060C,1430
YOL102C,1431
YDR141C,1432
YHR201C,1433
YNL329C,1434
YPL063W,1435
YPL152W,1436
YGL141W,1437
YKL205W,1438
YER093C,1439
YOR294W,1440
YHR020W,1441
YNL106C,1442
YER049W,1443
YJL004C,1444
YBL104C,1445
YEL034W,1446
YBR228W,1447
YER089C,1448
YGL059W,1449
YMR240C,1450
YEL062W,1451
YGL220W,1452
YMR125W,1453
YBR208C,1454
YDR128W,1455
YDR323C,1456
YGL221C,1457
YJR100C,1458
YNL221C,1459
YOR181W,1460
YBR042C,1461
YDR472W,1462
YLL013C,1463
YBR223C,1464
YDR088C,1465
YBR244W,1466
YHR172W,1467
YLR206W,1468
YML018C,1469
YDL171C,1470
YMR227C,1471
YOR374W,1472
YPL240C,1473
YHR121W,1474
YBR260C,1475
YDR511W,1476
YMR284W,1477
YNL101W,1478
YDL072C,1479
YIL068C,1480
YJR126C,1481
YKL197C,1482
YHL004W,1483
YLR115W,1484
YOL013C,1485
YOL112W,1486
YHR108W,1487
YKL039W,1488
YOR120W,1489
YFL003C,1490
YGR270W,1491
YGR038W,1492
YGL189C,1493
YJR022W,1494
YJR122W,1495
YDL017W,1496
YGL130W,1497
YGR082W,1498
YBL013W,1499
YKL081W,1500
YHR062C,1501
YOR327C,1502
YDR311W,1503
YGR214W,1504
YOL146W,1505
YPL106C,1506
YPL207W,1507
YDR398W,1508
YGR006W,1509
YLR241W,1510
YLR271W,1511
YML068W,1512
YNL035C,1513
YNL040W,1514
YAL062W,1515
YBR139W,1516
YBR274W,1517
YBR037C,1518
YCL008C,1519
YMR114C,1520
YJL079C,1521
YLL036C,1522
YOR290C,1523
YMR315W,1524
YOR113W,1525
YEL061C,1526
YER068W,1527
YIL144W,1528
YOR222W,1529
YOR307C,1530
YLR056W,1531
YNR064C,1532
YBR136W,1533
YEL038W,1534
YLR281C,1535
YML097C,1536
YPL109C,1537
YBR082C,1538
YER120W,1539
YBL068W,1540
YNL259C,1541
YPL087W,1542
YPL222W,1543
YDL008W,1544
YER170W,1545
YAR042W,1546
YCR034W,1547
YDR432W,1548
YCL016C,1549
YIL160C,1550
YDL082W,1551
YLR435W,1552
YPL076W,1553
YLR092W,1554
YML036W,1555
YNR006W,1556
YPL149W,1557
YPL243W,1558
YER087W,1559
YIL063C,1560
YMR205C,1561
YNL218W,1562
YOR265W,1563
YER005W,1564
YIL046W,1565
YIL104C,1566
YJR052W,1567
YLR097C,1568
YLR372W,1569
YOR319W,1570
YMR142C,1571
YPR162C,1572
YER143W,1573
YML056C,1574
YGL153W,1575
YJL062W,1576
YNL261W,1577
YDL149W,1578
YDR361C,1579
YFL025C,1580
YGL208W,1581
YHR163W,1582
YDL119C,1583
YDR330W,1584
YGL174W,1585
YMR201C,1586
YNL154C,1587
YNR019W,1588
YPL196W,1589
YCR023C,1590
YHR090C,1591
YLR193C,1592
YMR274C,1593
YOR079C,1594
YIL038C,1595
YKL082C,1596
YLR285W,1597
YNL041C,1598
YPL157W,1599
YBR231C,1600
YCR053W,1601
YGL202W,1602
YMR247C,1603
YKR087C,1604
YNL044W,1605
YNL097C,1606
YNL315C,1607
YGR202C,1608
YLR201C,1609
YNL239W,1610
YPL098C,1611
YPL162C,1612
YPL242C,1613
YPR045C,1614
YDR304C,1615
YDR485C,1616
YKL221W,1617
YDL116W,1618
YPL146C,1619
YPL127C,1620
YEL050C,1621
YDR457W,1622
YML061C,1623
YPR119W,1624
Q0130,1625
YDR335W,1626
YIR002C,1627
YER151C,1628
YGR280C,1629
YFL024C,1630
YNL124W,1631
YPL101W,1632
YPL191C,1633
YPR135W,1634
YCR066W,1635
YDR173C,1636
YHR047C,1637
YLR231C,1638
YGL062W,1639
YMR152W,1640
YOR317W,1641
YLR051C,1642
YGL111W,1643
YJL095W,1644
YMR010W,1645
YER004W,1646
YHR072W,1647
YCR009C,1648
YKR018C,1649
YLR143W,1650
YGR175C,1651
YJL063C,1652
YIL042C,1653
YFL053W,1654
YHR190W,1655
YAL023C,1656
YPL135W,1657
YDR312W,1658
YGR204W,1659
YNL182C,1660
YER029C,1661
YOL138C,1662
YER098W,1663
YGR152C,1664
YHL022C,1665
YNL252C,1666
YDL159W,1667
YDR388W,1668
YGR188C,1669
YKL016C,1670
YNL126W,1671
YNL229C,1672
YBR112C,1673
YCR092C,1674
YGR241C,1675
YLR130C,1676
YNL172W,1677
YCR014C,1678
YLR099C,1679
YLR424W,1680
YMR041C,1681
YOL147C,1682
YDL193W,1683
YNL129W,1684
YGR010W,1685
YOL043C,1686
YHR086W,1687
YGL105W,1688
YBL008W,1689
YIL030C,1690
YGR252W,1691
YBL030C,1692
YDL156W,1693
YDL131W,1694
YJL085W,1695
YDL058W,1696
YLR178C,1697
YPL078C,1698
YDL207W,1699
YDR004W,1700
YNR023W,1701
YLL062C,1702
YDR001C,1703
YIL026C,1704
YAL007C,1705
YNL273W,1706
YFL009W,1707
YNR074C,1708
YOR231W,1709
YDL150W,1710
YMR074C,1711
YFL055W,1712
YJR047C,1713
YOL066C,1714
YNL027W,1715
YGL169W,1716
YML065W,1717
YER127W,1718
YBR111W-A,1719
YJR074W,1720
YDR289C,1721
YDR180W,1722
YPR065W,1723
YER019W,1724
YGL245W,1725
YIL113W,1726
YKR095W,1727
YMR234W,1728
YOL103W,1729
YOR349W,1730
YOL069W,1731
YJR019C,1732
YGR062C,1733
YNL130C,1734
YOL075C,1735
YIL006W,1736
YNL021W,1737
YGR276C,1738
YIR012W,1739
YGR192C,1740
YDR087C,1741
YEL055C,1742
YNL248C,1743
YBR101C,1744
YER044C,1745
YFL042C,1746
YKL155C,1747
YHR066W,1748
YER047C,1749
YJL176C,1750
YJR093C,1751
YDL001W,1752
YDR017C,1753
YFR047C,1754
YNL293W,1755
YER173W,1756
YOR269W,1757
YDR407C,1758
YGL187C,1759
YMR150C,1760
YEL022W,1761
YOL098C,1762
YBR126C,1763
YCR084C,1764
YDR005C,1765
YNL127W,1766
YOR033C,1767
YOR286W,1768
YJR001W,1769
YDR079C-A,1770
YGL242C,1771
YLL010C,1772
YMR024W,1773
YBR102C,1774
YIL159W,1775
YKL086W,1776
YPR055W,1777
YML057W,1778
YBR085W,1779
YPL020C,1780
YCL055W,1781
YDL154W,1782
YCL064C,1783
YFL028C,1784
YFR038W,1785
YGR124W,1786
YNL155W,1787
YJL056C,1788
YCR002C,1789
YLR105C,1790
YMR190C,1791
YNR013C,1792
YMR004W,1793
YPR107C,1794
YAR008W,1795
YBR279W,1796
YPR052C,1797
YDR166C,1798
YOR201C,1799
YNL292W,1800
YER179W,1801
YGL092W,1802
YLR142W,1803
YGL084C,1804
YKL059C,1805
YML074C,1806
YOL032W,1807
YOR260W,1808
YKL179C,1809
YML027W,1810
YPL174C,1811
YER086W,1812
YGL133W,1813
YKL008C,1814
YBR114W,1815
YJL052W,1816
YLR441C,1817
YGR162W,1818
YGR058W,1819
YBL106C,1820
YBR173C,1821
YGL073W,1822
YIL001W,1823
YJR073C,1824
YDR389W,1825
YIL112W,1826
YJL106W,1827
YKL157W,1828
YMR221C,1829
YAL049C,1830
YIL153W,1831
YJL128C,1832
YJR116W,1833
YJR159W,1834
YNL253W,1835
YDR228C,1836
YMR202W,1837
YOR226C,1838
YOL003C,1839
YDR111C,1840
YMR072W,1841
YOL054W,1842
YCR027C,1843
YFR027W,1844
YGL251C,1845
YKR063C,1846
YLR100W,1847
YBR115C,1848
YGL156W,1849
YDL155W,1850
YDR329C,1851
YBL074C,1852
YJL098W,1853
YML075C,1854
YPR003C,1855
YDR392W,1856
YNR047W,1857
YLR433C,1858
YGL198W,1859
YPL089C,1860
YDL192W,1861
YDR006C,1862
YLR164W,1863
YML067C,1864
YPL085W,1865
YDR488C,1866
YGR100W,1867
YGR148C,1868
YJR025C,1869
YHR040W,1870
YLR085C,1871
YLR151C,1872
YMR013C,1873
YDL036C,1874
YNL136W,1875
YBL015W,1876
YNL087W,1877
YOR154W,1878
YIL126W,1879
YNL232W,1880
YGR033C,1881
YHR073W,1882
YMR058W,1883
YKL146W,1884
YLR397C,1885
YJL196C,1886
YPR031W,1887
YJR097W,1888
YMR211W,1889
YGL050W,1890
YKL126W,1891
YMR186W,1892
YGL122C,1893
YNL125C,1894
YMR233W,1895
YKL033W,1896
YBR086C,1897
YDL045C,1898
YOL065C,1899
YOR173W,1900
YCL011C,1901
YDR020C,1902
YJR049C,1903
YMR036C,1904
YMR218C,1905
YOL016C,1906
YBR242W,1907
YHR119W,1908
YOL122C,1909
YPL003W,1910
YPL060W,1911
YDL105W,1912
YHR156C,1913
YMR145C,1914
YNL053W,1915
YKR058W,1916
YJL137C,1917
YNL004W,1918
YDR027C,1919
YPL094C,1920
YCL031C,1921
YCR077C,1922
YNL119W,1923
YBL002W,1924
YNL068C,1925
YNL328C,1926
YER152C,1927
YMR068W,1928
YPL264C,1929
YBR246W,1930
YBR289W,1931
YHR189W,1932
YIL134W,1933
YIR037W,1934
YJL134W,1935
YNL118C,1936
YNL181W,1937
YNR031C,1938
YOR130C,1939
YJR119C,1940
YGR260W,1941
YMR269W,1942
YNL063W,1943
YML008C,1944
YHR030C,1945
YHL039W,1946
YCR065W,1947
YDL210W,1948
YMR176W,1949
YOR165W,1950
YKL141W,1951
YPR011C,1952
YAL033W,1953
YNL039W,1954
YBL056W,1955
YIL088C,1956
YOR375C,1957
YPL164C,1958
YPR058W,1959
YBR105C,1960
YMR310C,1961
YPL083C,1962
YLR417W,1963
YLR422W,1964
YJR034W,1965
YJL039C,1966
YJR113C,1967
YLR371W,1968
YEL041W,1969
YKR001C,1970
YNL251C,1971
YNR051C,1972
YOR128C,1973
YOR258W,1974
YDL101C,1975
YJL011C,1976
YJR143C,1977
YLR034C,1978
YAL015C,1979
YFR037C,1980
YJL092W,1981
YLR318W,1982
YFL034W,1983
YBR257W,1984
YMR047C,1985
YKR088C,1986
YMR230W,1987
YLR432W,1988
YGL035C,1989
YER166W,1990
YLR176C,1991
YAL041W,1992
YBR001C,1993
YHL018W,1994
YIL004C,1995
YLR181C,1996
YLR210W,1997
YMR285C,1998
YPL115C,1999
YDR063W,2000
YKL114C,2001
YBR123C,2002
YDR374C,2003
YOL140W,2004
YBR094W,2005
YDL006W,2006
YML025C,2007
YIL070C,2008
YBR089C-A,2009
YLL023C,2010
YMR297W,2011
YIR004W,2012
YMR043W,2013
YEL060C,2014
YAL030W,2015
YBR059C,2016
YBR146W,2017
YDR379W,2018
YIR035C,2019
YOR185C,2020
YOR285W,2021
YPL224C,2022
YAL043C,2023
YDR018C,2024
YDR159W,2025
YER019C-A,2026
YGL148W,2027
YLR205C,2028
YLR242C,2029
YCL035C,2030
YLR174W,2031
YMR246W,2032
YFR003C,2033
YMR104C,2034
YPL153C,2035
YLR310C,2036
YPR015C,2037
YLR335W,2038
YNL036W,2039
YHR052W,2040
YDR233C,2041
YBR084W,2042
YBR169C,2043
YLL026W,2044
YOR360C,2045
YDL128W,2046
YDR502C,2047
YGL026C,2048
YLR019W,2049
YBL067C,2050
YDL065C,2051
YDR071C,2052
YKL143W,2053
YKR074W,2054
YLR045C,2055
YPR190C,2056
YBR024W,2057
YDR353W,2058
YER119C,2059
YGL147C,2060
YGL210W,2061
YGR216C,2062
YJL193W,2063
YLR220W,2064
YLR420W,2065
YOR370C,2066
YPR145W,2067
YER048C,2068
YER073W,2069
YNL167C,2070
YPL096W,2071
YMR118C,2072
YDR305C,2073
YPL031C,2074
YIL124W,2075
YOR252W,2076
YLR096W,2077
YMR108W,2078
YHL033C,2079
YOL064C,2080
YDL028C,2081
YGL254W,2082
YDL134C,2083
YER075C,2084
YJL112W,2085
YKL047W,2086
YML095C,2087
YML106W,2088
YPL105C,2089
YOL068C,2090
YPL155C,2091
YBR248C,2092
YDR291W,2093
YKL101W,2094
YBL017C,2095
YKR052C,2096
YOR156C,2097
YGR283C,2098
YKR066C,2099
YLR270W,2100
YLR016C,2101
YPR163C,2102
YBR218C,2103
YKR090W,2104
YDR158W,2105
YER052C,2106
YHR009C,2107
YHR161C,2108
YJL187C,2109
YMR266W,2110
YIL145C,2111
YJR033C,2112
YOR303W,2113
Q0085,2114
YBR074W,2115
YDR466W,2116
YDR507C,2117
YIL150C,2118
YMR067C,2119
YBR053C,2120
YGR240C,2121
YJR016C,2122
YKR071C,2123
YCR052W,2124
YJL096W,2125
YJR152W,2126
YDR263C,2127
YER027C,2128
YEL009C,2129
YER177W,2130
YBL038W,2131
YBR176W,2132
YDL106C,2133
Q0275,2134
YOR035C,2135
YPL232W,2136
YJR139C,2137
YLR328W,2138
YHR144C,2139
YJL082W,2140
YNR033W,2141
YGL049C,2142
YNL298W,2143
YBR217W,2144
YDR165W,2145
YDR409W,2146
YKR092C,2147
YDR075W,2148
YIL074C,2149
YFL027C,2150
YDR276C,2151
YER028C,2152
YHR147C,2153
YER091C,2154
YLR247C,2155
YMR048W,2156
YOL143C,2157
YBR182C,2158
YFL047W,2159
YPL234C,2160
YPR104C,2161
YER065C,2162
YJR134C,2163
YOR171C,2164
YPR072W,2165
YCL018W,2166
YHR205W,2167
YJL140W,2168
YNL321W,2169
YER051W,2170
YHR025W,2171
YJL218W,2172
YKR089C,2173
YPR062W,2174
YDR074W,2175
YER055C,2176
YHR206W,2177
YLR050C,2178
YNL096C,2179
YNL098C,2180
YNL212W,2181
YBR019C,2182
YPL064C,2183
YLR024C,2184
YPL048W,2185
YPL150W,2186
YDL019C,2187
YDR297W,2188
YDR497C,2189
YDR517W,2190
YER069W,2191
YGR149W,2192
YNR071C,2193
YOR202W,2194
YPL265W,2195
YDL077C,2196
YGR238C,2197
YJL012C,2198
YJL163C,2199
YJR010C-A,2200
YML064C,2201
YNL128W,2202
YPR032W,2203
YIL020C,2204
YKL150W,2205
YMR038C,2206
YMR250W,2207
YOR061W,2208
YPR125W,2209
YDR116C,2210
YGR205W,2211
YKR053C,2212
YPL100W,2213
YER090W,2214
YDL070W,2215
YLR355C,2216
YDR449C,2217
YJL168C,2218
YFR030W,2219
YDL209C,2220
YDR408C,2221
YJR095W,2222
YKL087C,2223
YLR362W,2224
YMR178W,2225
YMR253C,2226
Q0250,2227
YDL002C,2228
YNL277W,2229
YOL129W,2230
YOR197W,2231
YOR358W,2232
YPL190C,2233
YCL024W,2234
YCL030C,2235
YEL039C,2236
YER176W,2237
YIR006C,2238
YKR028W,2239
YKR044W,2240
YLR070C,2241
YLR337C,2242
YML072C,2243
YPL084W,2244
YDL215C,2245
YGL066W,2246
YGR191W,2247
YHL036W,2248
YHR039C,2249
YJL207C,2250
YJL210W,2251
YMR241W,2252
YGR066C,2253
YJR031C,2254
YKL170W,2255
YML032C,2256
YDR308C,2257
YDR356W,2258
YOR283W,2259
YJL198W,2260
YPL126W,2261
YBL007C,2262
YFL041W,2263
YOL100W,2264
YOR115C,2265
YER175C,2266
YHR107C,2267
YIL095W,2268
YJR109C,2269
YLR126C,2270
YML016C,2271
YDR198C,2272
YKR099W,2273
YER129W,2274
YFR007W,2275
YHR046C,2276
YHR050W,2277
YHR158C,2278
YIL031W,2279
YNL316C,2280
YOL081W,2281
YOR340C,2282
YPL246C,2283
YDR122W,2284
YDR300C,2285
YIL172C,2286
YLR361C,2287
YMR055C,2288
YMR106C,2289
YMR318C,2290
YPR128C,2291
YAL024C,2292
YJR066W,2293
YKL001C,2294
YMR088C,2295
YCR033W,2296
YDR487C,2297
YKL060C,2298
YLR454W,2299
YMR095C,2300
YGL078C,2301
YDR320C,2302
YLR333C,2303
YER017C,2304
YNL331C,2305
YBR023C,2306
YKL062W,2307
YLR450W,2308
YMR096W,2309
YDR098C,2310
YDR235W,2311
YGL004C,2312
YHR016C,2313
YJL006C,2314
YDL111C,2315
YDR043C,2316
YGL010W,2317
YGL086W,2318
YGR250C,2319
YHL011C,2320
YMR155W,2321
YNL020C,2322
YPR167C,2323
YKL003C,2324
YLR131C,2325
YNL224C,2326
YCR073C,2327
YGL014W,2328
YDR465C,2329
YDR237W,2330
YBL033C,2331
YBR273C,2332
YLR430W,2333
YLR007W,2334
YNR050C,2335
YBL061C,2336
YDL046W,2337
YFL033C,2338
YGL154C,2339
YHR098C,2340
YHR120W,2341
YJL055W,2342
YPL171C,2343
YBR287W,2344
YHL017W,2345
YJL005W,2346
YGL009C,2347
YGL181W,2348
YKL188C,2349
YKL217W,2350
YNL217W,2351
YBR066C,2352
YIL096C,2353
YNL081C,2354
YNR037C,2355
YAR002C-A,2356
YBR172C,2357
YER142C,2358
YGL019W,2359
YDR337W,2360
YBR038W,2361
YPL119C,2362
YPR021C,2363
YDL240W,2364
YDR332W,2365
YMR127C,2366
YNR027W,2367
YOR384W,2368
YPL214C,2369
YDR541C,2370
YGL253W,2371
YIL147C,2372
YJR103W,2373
YLR065C,2374
YOL031C,2375
YOR131C,2376
YBR073W,2377
YCR098C,2378
YNL011C,2379
YAR019C,2380
YBR166C,2381
YLL028W,2382
YNL231C,2383
YPL188W,2384
YHR208W,2385
YDR533C,2386
YGL192W,2387
YIL005W,2388
YDR143C,2389
YDR121W,2390
YDL189W,2391
YHR100C,2392
YBR141C,2393
YCR048W,2394
YGR203W,2395
YKL211C,2396
YOR064C,2397
YDR368W,2398
YEL047C,2399
YIL010W,2400
YKL175W,2401
YKR023W,2402
YNL175C,2403
YPL183W-A,2404
YBR179C,2405
YER087C-B,2406
YJL203W,2407
YOR208W,2408
YGL012W,2409
YNL242W,2410
YCR038C,2411
YKL034W,2412
YMR196W,2413
YGL237C,2414
YPR161C,2415
YGL127C,2416
YPL141C,2417
YLR357W,2418
YBL032W,2419
YOR134W,2420
YKL089W,2421
YER020W,2422
YMR032W,2423
YDR440W,2424
YDR468C,2425
YGR210C,2426
YHR134W,2427
YJL212C,2428
YMR154C,2429
YBR106W,2430
YDL042C,2431
YGL114W,2432
YGL227W,2433
YJR106W,2434
YKL014C,2435
YCL029C,2436
YCR091W,2437
YDL198C,2438
YDR069C,2439
YER041W,2440
YGR144W,2441
YIR034C,2442
YKR016W,2443
YLR290C,2444
YLR321C,2445
YNL032W,2446
YOR025W,2447
YDR205W,2448
YDR414C,2449
YGR125W,2450
YMR008C,2451
YOR153W,2452
YBL103C,2453
YMR212C,2454
YNL085W,2455
YOR198C,2456
YOR390W,2457
YGL063W,2458
YGR277C,2459
YKL069W,2460
YDR096W,2461
YER159C,2462
YGL155W,2463
YGR167W,2464
YJL179W,2465
YBR249C,2466
YER054C,2467
YOR038C,2468
YDR127W,2469
YER040W,2470
YIL162W,2471
YLR393W,2472
YOR086C,2473
YCR008W,2474
YER058W,2475
YER144C,2476
YHL027W,2477
YMR307W,2478
YNL233W,2479
YDR293C,2480
YHR038W,2481
YJL048C,2482
YJL201W,2483
YOR180C,2484
YOR311C,2485
YBR065C,2486
YER008C,2487
YGR234W,2488
YHR091C,2489
YKL073W,2490
YMR083W,2491
YOL042W,2492
YOR087W,2493
YOR155C,2494
YDR026C,2495
YIL072W,2496
YIL076W,2497
YJR141W,2498
YKL055C,2499
YOR075W,2500
YPL181W,2501
YGL116W,2502
YGL172W,2503
YHR179W,2504
YLL048C,2505
YLR412W,2506
YOR211C,2507
YCR004C,2508
YCR087C-A,2509
YHL023C,2510
YMR090W,2511
YDR145W,2512
YKR029C,2513
YLL027W,2514
YLR078C,2515
YOR353C,2516
YER114C,2517
YCL037C,2518
YDL213C,2519
YBR251W,2520
YDR412W,2521
YCL009C,2522
YFR024C-A,2523
YGL008C,2524
YGL045W,2525
YJR144W,2526
YPL226W,2527
YPR091C,2528
YBR093C,2529
YJL094C,2530
YMR102C,2531
YBL052C,2532
YBR212W,2533
YDL246C,2534
YDR253C,2535
YDR415C,2536
YIL079C,2537
YIR042C,2538
YKR065C,2539
YKR069W,2540
YLR008C,2541
YLR303W,2542
YMR171C,2543
YMR302C,2544
YOR334W,2545
YDL161W,2546
YER002W,2547
YHR154W,2548
YLR015W,2549
YMR140W,2550
YLR403W,2551
YML034W,2552
YNL134C,2553
YBR269C,2554
YDL224C,2555
YGL129C,2556
YJR149W,2557
YDL095W,2558
YDL117W,2559
YKR105C,2560
YNL186W,2561
YNL137C,2562
YOR058C,2563
YNL116W,2564
YPL116W,2565
YBL089W,2566
YLR028C,2567
YOL045W,2568
YEL015W,2569
YLR330W,2570
YNL246W,2571
YER145C,2572
YGR056W,2573
YIL094C,2574
YKL182W,2575
YOR388C,2576
YCR010C,2577
YDR200C,2578
YIL066C,2579
YNR034W,2580
YBR200W,2581
YDR041W,2582
YDR081C,2583
YGR157W,2584
YHR063C,2585
YMR135C,2586
YNL260C,2587
YPL145C,2588
YDR068W,2589
YDR126W,2590
YHR004C,2591
YJL145W,2592
YKR082W,2593
YAR071W,2594
YBL051C,2595
YEL063C,2596
YGR110W,2597
YHR031C,2598
YKL064W,2599
YLR203C,2600
YBR140C,2601
YDL138W,2602
YDR492W,2603
YGR233C,2604
YIL108W,2605
YGR186W,2606
YJL129C,2607
YJR130C,2608
YDR101C,2609
YDL056W,2610
YIL039W,2611
YOL152W,2612
YNL192W,2613
YPR191W,2614
YDR146C,2615
YDR174W,2616
YDR322W,2617
YGL184C,2618
YOR239W,2619
YDL200C,2620
YCR068W,2621
YHR078W,2622
YJR055W,2623
YLR055C,2624
YPL271W,2625
YKL068W,2626
YKL092C,2627
YLR087C,2628
YNL289W,2629
YPR201W,2630
YBR286W,2631
YDR326C,2632
YGL212W,2633
YGR215W,2634
YIL131C,2635
YJR076C,2636
YKL004W,2637
YKR039W,2638
YLL004W,2639
YLR300W,2640
YLR452C,2641
YNR032W,2642
YPR037C,2643
YBR281C,2644
YDR061W,2645
YER045C,2646
YIL041W,2647
YJL166W,2648
YKL206C,2649
YLR138W,2650
YMR129W,2651
YPR138C,2652
YER010C,2653
YGL085W,2654
YGR266W,2655
YJL054W,2656
YJL204C,2657
YLL006W,2658
YOL137W,2659
YOR059C,2660
YCR028C,2661
YDR176W,2662
YDR206W,2663
YIL093C,2664
YKL074C,2665
YLR309C,2666
YOR292C,2667
YPL270W,2668
YPL140C,2669
YJL081C,2670
YDR346C,2671
YGR170W,2672
YML015C,2673
YML046W,2674
YPR143W,2675
YJL164C,2676
YJR124C,2677
YIR009W,2678
YCL040W,2679
YKR060W,2680
YML030W,2681
YMR123W,2682
YJR090C,2683
YDR321W,2684
YGL144C,2685
YIR028W,2686
YJR077C,2687
YML055W,2688
YOR233W,2689
YDL024C,2690
YGR017W,2691
YGR133W,2692
YGR249W,2693
YHR057C,2694
YHR209W,2695
YJL200C,2696
YLL056C,2697
YLR214W,2698
YLR298C,2699
YNL104C,2700
YNR065C,2701
YOR140W,2702
YAL010C,2703
YBR158W,2704
YDL165W,2705
YHR085W,2706
YHR194W,2707
YHR198C,2708
YJL071W,2709
YML070W,2710
YMR158W,2711
YNL012W,2712
YNL191W,2713
YNL272C,2714
YNL279W,2715
YOR288C,2716
YPL260W,2717
YPR097W,2718
YBR043C,2719
YBR245C,2720
YJL087C,2721
YNL131W,2722
YOL062C,2723
YGL157W,2724
YGR282C,2725
YBR271W,2726
YJR091C,2727
YOL061W,2728
YOR267C,2729
YOR359W,2730
YKL181W,2731
YDR115W,2732
YGL106W,2733
YHR142W,2734
YPL050C,2735
YDL067C,2736
YDL185W,2737
YEL036C,2738
YIL130W,2739
YNL084C,2740
YAL054C,2741
YBR183W,2742
YCR016W,2743
YDR052C,2744
YFR033C,2745
YHR064C,2746
YIL051C,2747
YML103C,2748
YNR018W,2749
YOR034C,2750
YDL054C,2751
YDR007W,2752
YDR530C,2753
YGL215W,2754
YKL124W,2755
YLL021W,2756
YLR004C,2757
YOR295W,2758
YPL129W,2759
YPR159W,2760
YCR003W,2761
YDR428C,2762
YGR141W,2763
YGR189C,2764
YIL138C,2765
YKR084C,2766
YLR077W,2767
YPL231W,2768
YDL086W,2769
YDR377W,2770
YGR032W,2771
YGR108W,2772
YLR319C,2773
YOL009C,2774
YOR099W,2775
YOR127W,2776
YOR378W,2777
YPL095C,2778
YDL144C,2779
YGL131C,2780
YJL020C,2781
YNR067C,2782
YLR248W,2783
YPR157W,2784
YCL038C,2785
YGL023C,2786
YIR031C,2787
YDL113C,2788
YLR449W,2789
YBR081C,2790
YMR214W,2791
YBR069C,2792
YOR109W,2793
YCR061W,2794
YDR039C,2795
YKL138C,2796
YAL029C,2797
YBR049C,2798
YBR072W,2799
YBR132C,2800
YIL173W,2801
YJR060W,2802
YLR149C,2803
YLR345W,2804
YMR100W,2805
YNL152W,2806
YOL078W,2807
YPL092W,2808
YPL133C,2809
YBL088C,2810
YCR079W,2811
YDR162C,2812
YER118C,2813
YJL222W,2814
YKL006C-A,2815
YLR044C,2816
YNL257C,2817
YNL291C,2818
YNL333W,2819
YAL017W,2820
YBL001C,2821
YDL216C,2822
YDR436W,2823
YER099C,2824
YER169W,2825
YFL048C,2826
YFL059W,2827
YIL166C,2828
YJR133W,2829
YOR118W,2830
YOR132W,2831
YBL085W,2832
YBR213W,2833
YBR276C,2834
YDR139C,2835
YDR536W,2836
YHR036W,2837
YIL053W,2838
YJR062C,2839
YKL166C,2840
YKL178C,2841
YLR011W,2842
YLR136C,2843
YOL055C,2844
YOR205C,2845
YPL177C,2846
YPL215W,2847
YPR155C,2848
YCL034W,2849
YDR503C,2850
YGR193C,2851
YHR082C,2852
YOR049C,2853
YPL110C,2854
YDR313C,2855
YGR098C,2856
YBR117C,2857
YDL212W,2858
YDR359C,2859
YCR030C,2860
YPR020W,2861
YPR018W,2862
YHR135C,2863
YIR038C,2864
YPL016W,2865
YPR095C,2866
YER026C,2867
YML125C,2868
YER103W,2869
YIL105C,2870
YOR348C,2871
YDR093W,2872
YDR245W,2873
YDR406W,2874
YER059W,2875
YNL183C,2876
YDL112W,2877
YDL146W,2878
YDR032C,2879
YDR479C,2880
YFL034C-B,2881
YHR096C,2882
YLR308W,2883
YBR239C,2884
YHL024W,2885
YHR067W,2886
YJR140C,2887
YLR014C,2888
YML081C-A,2889
YMR071C,2890
YMR261C,2891
YNL237W,2892
YNR055C,2893
YOR124C,2894
YCR028C-A,2895
YDL124W,2896
YLR150W,2897
YLR158C,2898
YLR189C,2899
YMR075W,2900
YOL030W,2901
YOL073C,2902
YPR006C,2903
YDL063C,2904
YDL183C,2905
YGL093W,2906
YHR112C,2907
YIL017C,2908
YIR036C,2909
YLR080W,2910
YPR185W,2911
YBR171W,2912
YIR023W,2913
YPR049C,2914
YPR169W,2915
YGL077C,2916
YGR281W,2917
YIL121W,2918
YML105C,2919
YNL099C,2920
YPL023C,2921
YPR111W,2922
YBL075C,2923
YBR119W,2924
YBR290W,2925
YGR136W,2926
YGR086C,2927
YMR239C,2928
YCL010C,2929
YEL006W,2930
YGR009C,2931
YIL045W,2932
YLR003C,2933
YNL014W,2934
YDL167C,2935
YER128W,2936
YHR110W,2937
YLR250W,2938
YBR008C,2939
YER116C,2940
YGL064C,2941
YIL140W,2942
YJL057C,2943
YJR101W,2944
YKL171W,2945
YKR043C,2946
YMR228W,2947
YOL095C,2948
YOL151W,2949
YBR293W,2950
YDL045W-A,2951
YDR421W,2952
YIL118W,2953
YKL194C,2954
YKR095W-A,2955
YMR014W,2956
YMR192W,2957
YBR007C,2958
YBR180W,2959
YBR201W,2960
YBR214W,2961
YDR527W,2962
YIL156W,2963
YKL049C,2964
YNR058W,2965
YOR191W,2966
YPL036W,2967
YAL034W-A,2968
YBR078W,2969
YEL023C,2970
YER182W,2971
YGL252C,2972
YJR051W,2973
YJR054W,2974
YKL220C,2975
YML009C,2976
YMR193W,2977
YBR015C,2978
YHR087W,2979
YIL050W,2980
YKL051W,2981
YMR162C,2982
YHR215W,2983
YCR071C,2984
YDL061C,2985
YMR091C,2986
YDL130W,2987
YBR263W,2988
YGR121C,2989
YPL254W,2990
YIR011C,2991
YDR100W,2992
YHR174W,2993
YJL084C,2994
YLR387C,2995
YDR028C,2996
YDR322C-A,2997
YDR425W,2998
YGL016W,2999
YGL098W,3000
YGL213C,3001
YGR229C,3002
YIR032C,3003
YLR071C,3004
YLR187W,3005
YLR426W,3006
YOL059W,3007
YOL111C,3008
YOR368W,3009
YBR280C,3010
YDR345C,3011
YDR348C,3012
YHR117W,3013
YIL157C,3014
YJL013C,3015
YJR005W,3016
YJR089W,3017
YKL173W,3018
YLR137W,3019
YMR289W,3020
YNL215W,3021
YPL057C,3022
YDR038C,3023
YDR051C,3024
YDR500C,3025
YER109C,3026
YGR099W,3027
YJL045W,3028
YJL123C,3029
YJL183W,3030
YJR092W,3031
YKL174C,3032
YLR326W,3033
YLR451W,3034
YMR182C,3035
YMR222C,3036
YOR043W,3037
YPL032C,3038
YPL228W,3039
YBR162C,3040
YDR405W,3041
YDR505C,3042
YGL178W,3043
YGL194C,3044
YGR040W,3045
YHR049W,3046
YKL054C,3047
YLR411W,3048
YML007W,3049
YML071C,3050
YNL090W,3051
YOR381W,3052
YDR079W,3053
YGR111W,3054
YIR033W,3055
YMR033W,3056
YNL070W,3057
YNL264C,3058
YCR046C,3059
YDR194C,3060
YML079W,3061
YMR200W,3062
YOR032C,3063
YLR182W,3064
YNL138W-A,3065
YAL053W,3066
YLR324W,3067
YLR063W,3068
YBL095W,3069
YIL019W,3070
YAL009W,3071
YHR045W,3072
YNL197C,3073
YOL144W,3074
YOR003W,3075
YPL026C,3076
YAR014C,3077
YBL034C,3078
YDL127W,3079
YDR362C,3080
YGL038C,3081
YGR057C,3082
YGR105W,3083
YGR158C,3084
YJR032W,3085
YLR249W,3086
YMR029C,3087
YNL051W,3088
YOL011W,3089
YPL208W,3090
YBL009W,3091
YBL046W,3092
YBR122C,3093
YCR054C,3094
YDR137W,3095
YEL019C,3096
YFL021W,3097
YKR036C,3098
YLR144C,3099
YLR238W,3100
YLR350W,3101
YML051W,3102
YMR225C,3103
YNL054W,3104
YNR039C,3105
YPL134C,3106
YBL107C,3107
YBR161W,3108
YDR254W,3109
YDR319C,3110
YDR438W,3111
YFL014W,3112
YGR197C,3113
YHR191C,3114
YKL103C,3115
YKR025W,3116
YOR316C,3117
YPL067C,3118
YIL111W,3119
YJL090C,3120
YJL093C,3121
YJR067C,3122
YLL002W,3123
YMR149W,3124
YPL038W,3125
YKL116C,3126
YLR093C,3127
YLR104W,3128
YNL052W,3129
YOL019W,3130
YOR178C,3131
YPR149W,3132
YDL202W,3133
YER056C,3134
YHR187W,3135
YDL237W,3136
YLL051C,3137
YMR177W,3138
YPR008W,3139
YBR028C,3140
YFL013C,3141
YLR295C,3142
YNL206C,3143
YML127W,3144
YDR247W,3145
YER139C,3146
YOR080W,3147
YFL010C,3148
YNL230C,3149
YER155C,3150
YDL181W,3151
YGR076C,3152
YGR089W,3153
YOR299W,3154
YOR322C,3155
YCR045C,3156
YFL004W,3157
YGL096W,3158
YHR059W,3159
YKL108W,3160
YAL040C,3161
YBL086C,3162
YBR056W,3163
YDR459C,3164
YHR048W,3165
YIL115C,3166
YJR112W,3167
YLR057W,3168
YLR192C,3169
YMR313C,3170
YOL039W,3171
YOR073W,3172
YOR106W,3173
YPR156C,3174
YBR014C,3175
YBR163W,3176
YBR278W,3177
YDR367W,3178
YNR048W,3179
YOR188W,3180
YAL067C,3181
YBR282W,3182
YDL231C,3183
YDR217C,3184
YDR286C,3185
YGR263C,3186
YJL065C,3187
YOR129C,3188
YBR137W,3189
YDR107C,3190
YER022W,3191
YFL029C,3192
YJR086W,3193
YMR311C,3194
YNR026C,3195
YOR042W,3196
YPL189W,3197
YBR215W,3198
YDL123W,3199
YDR108W,3200
YJR075W,3201
YNL029C,3202
YOR016C,3203
YOR351C,3204
YDL020C,3205
YDR469W,3206
YMR069W,3207
YOR018W,3208
YMR215W,3209
YNL005C,3210
YDR175C,3211
YLR342W,3212
YDR316W,3213
YCR105W,3214
YLL024C,3215
YOL148C,3216
YPR120C,3217
YHR034C,3218
YNL306W,3219
YCR081W,3220
YDR229W,3221
YGR138C,3222
YLR177W,3223
YMR237W,3224
YNL091W,3225
YCR015C,3226
YDR016C,3227
YJL044C,3228
YMR005W,3229
YNL151C,3230
YOR215C,3231
YDR104C,3232
YFR001W,3233
YHL009C,3234
YLR001C,3235
YLR067C,3236
YLR283W,3237
YMR295C,3238
YMR305C,3239
YNL187W,3240
YOL154W,3241
YOR144C,3242
YPR079W,3243
YBR167C,3244
YDL235C,3245
YDR213W,3246
YDR482C,3247
YGL021W,3248
YGR235C,3249
YIL120W,3250
YJL110C,3251
YJR098C,3252
YLL012W,3253
YLR152C,3254
YMR209C,3255
YBR199W,3256
YIL149C,3257
YKR085C,3258
YOR352W,3259
YDR067C,3260
YDR490C,3261
YFL026W,3262
YKL090W,3263
YML099C,3264
YOR084W,3265
YCL061C,3266
YDL035C,3267
YGL110C,3268
YMR303C,3269
YBR193C,3270
YBR288C,3271
YDR443C,3272
YGR113W,3273
YKL078W,3274
YPL258C,3275
YBR177C,3276
YDL059C,3277
YPL128C,3278
YAL034C,3279
YGR088W,3280
YNL065W,3281
YPL113C,3282
YPL248C,3283
YGR072W,3284
YHR115C,3285
YHR178W,3286
YKL168C,3287
YLR455W,3288
YMR287C,3289
YNR060W,3290
YOR040W,3291
YPL070W,3292
YBR098W,3293
YDL133W,3294
YDR132C,3295
YDR343C,3296
YDR462W,3297
YGL126W,3298
YGL186C,3299
YHR060W,3300
YHR084W,3301
YKL020C,3302
YKL052C,3303
YLR292C,3304
YOL072W,3305
YPR172W,3306
YBL066C,3307
YDR031W,3308
YDR498C,3309
YEL065W,3310
YER101C,3311
YGR053C,3312
YGR279C,3313
YIL084C,3314
YJR009C,3315
YKL011C,3316
YKL107W,3317
YLL043W,3318
YLR098C,3319
YLR120C,3320
YLR121C,3321
YLR423C,3322
YLR442C,3323
YML114C,3324
YMR053C,3325
YMR280C,3326
YOL130W,3327
YOR017W,3328
YOR219C,3329
YOR273C,3330
YOR321W,3331
YOR373W,3332
YPR085C,3333
YPR198W,3334
YDR169C,3335
YDR231C,3336
YHR151C,3337
YJL083W,3338
YDR150W,3339
YJL157C,3340
YDL025C,3341
YGL020C,3342
YJL061W,3343
YLL038C,3344
YOR249C,3345
YBR095C,3346
YCR039C,3347
YDR501W,3348
YHR106W,3349
YDR306C,3350
YMR011W,3351
YOR081C,3352
YPL138C,3353
YER063W,3354
YGL029W,3355
YJL165C,3356
YDR192C,3357
YMR021C,3358
YCL025C,3359
YDL078C,3360
YDR288W,3361
YEL070W,3362
YGR292W,3363
YMR188C,3364
YDR030C,3365
YGL028C,3366
YKR034W,3367
YLR439W,3368
YPR194C,3369
YCL052C,3370
YEL043W,3371
YER111C,3372
YHR032W,3373
YJL025W,3374
YJR080C,3375
YKL167C,3376
YMR273C,3377
YNL193W,3378
YOR092W,3379
YPL107W,3380
YBR054W,3381
YBR295W,3382
YCL014W,3383
YGL145W,3384
YGR213C,3385
YLL014W,3386
YLL032C,3387
YLR145W,3388
YLR183C,3389
YMR042W,3390
YMR244W,3391
YOR037W,3392
YOR107W,3393
YPR063C,3394
YPR154W,3395
YCL050C,3396
YCR020C-A,3397
YCR035C,3398
YDL175C,3399
YDR009W,3400
YDR515W,3401
YFL054C,3402
YGR165W,3403
YHL020C,3404
YKL070W,3405
YLR421C,3406
YML109W,3407
YMR017W,3408
YMR063W,3409
YMR179W,3410
YMR306W,3411
YPR007C,3412
YBR298C,3413
YHR140W,3414
YIL014W,3415
YJR041C,3416
YOR305W,3417
YCR060W,3418
YFL023W,3419
YFR011C,3420
YKL072W,3421
YLR312W-A,3422
YMR059W,3423
YNR002C,3424
YBR125C,3425
YGR013W,3426
YGR225W,3427
YML041C,3428
YBL043W,3429
YLR134W,3430
YIL027C,3431
YMR039C,3432
YAL014C,3433
YDL214C,3434
YDR151C,3435
YFR040W,3436
YGR087C,3437
YKL088W,3438
YMR138W,3439
YOR110W,3440
YBR299W,3441
YDR315C,3442
YDR403W,3443
YGR150C,3444
YHL034C,3445
YHR138C,3446
YJL042W,3447
YKR067W,3448
YMR065W,3449
YPL004C,3450
YPL118W,3451
YCR095C,3452
YGR014W,3453
YHR124W,3454
YJL162C,3455
YJR042W,3456
YLR146C,3457
YLR352W,3458
YML013W,3459
YML078W,3460
YMR156C,3461
YNL049C,3462
YNL056W,3463
YNL094W,3464
YNL318C,3465
YOL089C,3466
YOR190W,3467
YAL011W,3468
YBR040W,3469
YDL085W,3470
YDL115C,3471
YDL203C,3472
YDR262W,3473
YDR342C,3474
YFL011W,3475
YGR268C,3476
YHR116W,3477
YHR137W,3478
YJL108C,3479
YKL195W,3480
YKR014C,3481
YLR072W,3482
YLR213C,3483
YLR287C,3484
YML019W,3485
YPL047W,3486
YPR114W,3487
YBR156C,3488
YCL032W,3489
YFL061W,3490
YJR082C,3491
YKL129C,3492
YLR221C,3493
YMR101C,3494
YNL236W,3495
YOR054C,3496
YPL180W,3497
YPL233W,3498
YER062C,3499
YHR177W,3500
YJR053W,3501
YKL079W,3502
YML115C,3503
YNL323W,3504
YPL137C,3505
YGR092W,3506
YOR389W,3507
YNL015W,3508
YLR039C,3509
YOR174W,3510
YOR320C,3511
YPR042C,3512
YGL197W,3513
YGR104C,3514
YPR152C,3515
YDR171W,3516
YHR080C,3517
YML031W,3518
YAL061W,3519
YBR149W,3520
YKL057C,3521
YKR050W,3522
YOL051W,3523
YOR008C,3524
YPR093C,3525
YAL060W,3526
YDL092W,3527
YHR071W,3528
YMR018W,3529
YMR263W,3530
YOL108C,3531
YOR148C,3532
Q0050,3533
YBR083W,3534
YDR363W,3535
YER088C,3536
YGR109C,3537
YGR169C,3538
YIL002C,3539
YKL084W,3540
YKL137W,3541
YLR440C,3542
YML088W,3543
YML120C,3544
YMR199W,3545
YOL132W,3546
YOL149W,3547
YOR104W,3548
YPR179C,3549
YDL233W,3550
YGR247W,3551
YHL008C,3552
YHR081W,3553
YIL114C,3554
YJL156C,3555
YKR021W,3556
YLL061W,3557
YML052W,3558
YMR044W,3559
YMR265C,3560
YOL113W,3561
YPL121C,3562
YAR002W,3563
YBR195C,3564
YGR052W,3565
YGR256W,3566
YHR033W,3567
YLR278C,3568
YDR034C,3569
YDR072C,3570
YDR347W,3571
YHR041C,3572
YMR119W,3573
YMR279C,3574
YOR158W,3575
YGR198W,3576
YKL015W,3577
YLL015W,3578
YNL245C,3579
YNR070W,3580
YOR221C,3581
YPL216W,3582
YDR363W-A,3583
YDR508C,3584
YMR117C,3585
YNL008C,3586
YOR051C,3587
YAL001C,3588
YBR021W,3589
YBR185C,3590
YHR197W,3591
YJL174W,3592
YKL048C,3593
YLL005C,3594
YNR011C,3595
YOR195W,3596
YOL088C,3597
YJR059W,3598
YDL243C,3599
YMR031C,3600
YDR399W,3601
YKL065C,3602
YDL229W,3603
YLR068W,3604
YFR055W,3605
YBL014C,3606
YBR216C,3607
YLR425W,3608
YNL216W,3609
YHR083W,3610
YKL038W,3611
YKR083C,3612
YMR157C,3613
YMR291W,3614
YAL013W,3615
YBR129C,3616
YDL157C,3617
YDR202C,3618
YDR395W,3619
YFR022W,3620
YGL079W,3621
YHL029C,3622
YHR015W,3623
YJL214W,3624
YKL185W,3625
YKL186C,3626
YKR008W,3627
YLR394W,3628
YLR395C,3629
YMR238W,3630
YBR275C,3631
YDL049C,3632
YDR110W,3633
YEL066W,3634
YER030W,3635
YER071C,3636
YGL039W,3637
YGR224W,3638
YHL035C,3639
YHR043C,3640
YIL137C,3641
YJL178C,3642
YLR006C,3643
YLR132C,3644
YLR390W-A,3645
YNL047C,3646
YNL066W,3647
YNL213C,3648
YOL086C,3649
YOR227W,3650
YOR338W,3651
YPL011C,3652
YBR283C,3653
YDR077W,3654
YDR444W,3655
YDR514C,3656
YER037W,3657
YER083C,3658
YER124C,3659
YFL060C,3660
YFR032C,3661
YKL077W,3662
YLL003W,3663
YMR087W,3664
YMR275C,3665
YNL073W,3666
YNL079C,3667
YOL063C,3668
YOL110W,3669
YPL024W,3670
YPR075C,3671
YPR122W,3672
YBR057C,3673
YBR068C,3674
YCL027W,3675
YCR067C,3676
YDR285W,3677
YDR520C,3678
YGR174C,3679
YHR103W,3680
YJL186W,3681
YKL198C,3682
YMR267W,3683
YNL058C,3684
YBR162W-A,3685
YBR255W,3686
YDL079C,3687
YDR160W,3688
YDR178W,3689
YDR453C,3690
YER161C,3691
YFR045W,3692
YGL247W,3693
YIL151C,3694
YLR363W-A,3695
YNL258C,3696
YPL256C,3697
YBR207W,3698
YCL048W,3699
YDR538W,3700
YGR289C,3701
YLR228C,3702
YML048W,3703
YML117W,3704
YMR264W,3705
YNL122C,3706
YNR059W,3707
YOL020W,3708
YOR138C,3709
YOR344C,3710
YPL221W,3711
YCR037C,3712
YDR201W,3713
YDR463W,3714
YFL031W,3715
YFR049W,3716
YLR327C,3717
YDR216W,3718
YDR296W,3719
YDR349C,3720
YKL142W,3721
YLR033W,3722
YPR017C,3723
YGR097W,3724
YLR064W,3725
YFR029W,3726
YDL088C,3727
YLR356W,3728
YFR034C,3729
YIL009W,3730
YML100W,3731
YGR128C,3732
YAL059W,3733
YBR120C,3734
YJR003C,3735
YPL019C,3736
YDR483W,3737
YJL131C,3738
YFR016C,3739
YGL134W,3740
YJL184W,3741
YDR499W,3742
YGL166W,3743
YHR105W,3744
YIL056W,3745
YJL117W,3746
YJL122W,3747
YKL026C,3748
YKR061W,3749
YLR090W,3750
YLR108C,3751
YNL103W,3752
YNL173C,3753
YOL126C,3754
YBR205W,3755
YDR357C,3756
YDR380W,3757
YGL139W,3758
YGR156W,3759
YHR109W,3760
YIL139C,3761
YIL154C,3762
YKL122C,3763
YKL201C,3764
YLR095C,3765
YLR381W,3766
YLR436C,3767
YLR443W,3768
YNL164C,3769
YNL281W,3770
YNL282W,3771
YOR329C,3772
YPL112C,3773
YAL031C,3774
YDR040C,3775
YDR085C,3776
YDR295C,3777
YDR464W,3778
YDR506C,3779
YER077C,3780
YER105C,3781
YFL050C,3782
YFR043C,3783
YGL013C,3784
YGL104C,3785
YGL175C,3786
YGR117C,3787
YGR143W,3788
YGR177C,3789
YHR118C,3790
YJL078C,3791
YJL159W,3792
YJR154W,3793
YKL119C,3794
YKL164C,3795
YKR006C,3796
YLR135W,3797
YLR288C,3798
YMR019W,3799
YMR232W,3800
YMR268C,3801
YMR294W,3802
YNL307C,3803
YOR026W,3804
YOR276W,3805
YPL194W,3806
YPR010C-A,3807
YBR091C,3808
YCL044C,3809
YCR097W,3810
YDL013W,3811
YDR003W,3812
YDR066C,3813
YDR103W,3814
YDR131C,3815
YGL128C,3816
YHL014C,3817
YJL058C,3818
YJR127C,3819
YKL176C,3820
YKL183W,3821
YKR055W,3822
YKR096W,3823
YMR153W,3824
YMR172W,3825
YMR319C,3826
YNL211C,3827
YNR040W,3828
YOL001W,3829
YOR023C,3830
YOR242C,3831
YOR298W,3832
YOR313C,3833
YOR355W,3834
YPR124W,3835
YAL018C,3836
YCR021C,3837
YDL225W,3838
YER113C,3839
YFL040W,3840
YGR026W,3841
YGR042W,3842
YHL019C,3843
YIL009C-A,3844
YIL013C,3845
YJR056C,3846
YKL106W,3847
YKR100C,3848
YLR119W,3849
YLR173W,3850
YLR392C,3851
YLR456W,3852
YML091C,3853
YMR258C,3854
YNL002C,3855
YNL050C,3856
YNL334C,3857
YOL070C,3858
YOR380W,3859
YPR068C,3860
YCR086W,3861
YFL049W,3862
YGR004W,3863
YGR134W,3864
YNL038W,3865
YOR045W,3866
YPR081C,3867
YBL045C,3868
YBR272C,3869
YFR013W,3870
YGL005C,3871
YGR129W,3872
YIL098C,3873
YKL043W,3874
YDR318W,3875
YDR475C,3876
YFL058W,3877
YGL060W,3878
YGR081C,3879
YGR166W,3880
YJL066C,3881
YLR021W,3882
YNL042W,3883
YNL190W,3884
YPL269W,3885
YBR203W,3886
YBR238C,3887
YML043C,3888
YMR054W,3889
YMR312W,3890
YNL278W,3891
YPL066W,3892
YNL204C,3893
YDR277C,3894
YJL076W,3895
YDL110C,3896
YLR218C,3897
YER149C,3898
YIR017C,3899
YLR110C,3900
YDR184C,3901
YER001W,3902
YLR141W,3903
YOL105C,3904
YPR034W,3905
YAL055W,3906
YCL051W,3907
YDR106W,3908
YDR259C,3909
YDR422C,3910
YGR102C,3911
YHR092C,3912
YHR216W,3913
YIR039C,3914
YJL019W,3915
YJR015W,3916
YMR173W,3917
YMR180C,3918
YMR257C,3919
YOL116W,3920
YPR054W,3921
YPR188C,3922
YAL051W,3923
YBL093C,3924
YBR131W,3925
YBR138C,3926
YDL089W,3927
YDL173W,3928
YEL069C,3929
YER132C,3930
YFR042W,3931
YGL138C,3932
YGL162W,3933
YGL223C,3934
YGR068C,3935
YGR199W,3936
YGR251W,3937
YIL071C,3938
YIL135C,3939
YLR223C,3940
YLR237W,3941
YML011C,3942
YNL234W,3943
YPL187W,3944
YPR084W,3945
YBL010C,3946
YBL101C,3947
YBR204C,3948
YBR270C,3949
YDL218W,3950
YDR082W,3951
YDR446W,3952
YER066W,3953
YGL113W,3954
YGL250W,3955
YGR016W,3956
YGR059W,3957
YGR201C,3958
YGR237C,3959
YHR044C,3960
YIL077C,3961
YJL213W,3962
YLL046C,3963
YLR094C,3964
YLR343W,3965
YML112W,3966
YMR282C,3967
YOR098C,3968
YOR220W,3969
YPL034W,3970
YPL179W,3971
YBL018C,3972
YBR253W,3973
YDL076C,3974
YDR056C,3975
YER150W,3976
YGR196C,3977
YHR079C-A,3978
YHR196W,3979
YLR313C,3980
YMR086W,3981
YMR270C,3982
YOR172W,3983
YPL007C,3984
YPL108W,3985
YCR005C,3986
YDL073W,3987
YDR279W,3988
YDR314C,3989
YGL185C,3990
YGR065C,3991
YHR035W,3992
YHR211W,3993
YJR004C,3994
YKL098W,3995
YLR035C,3996
YLR363C,3997
YLR437C,3998
YML116W,3999
YMR124W,4000
YNL311C,4001
YOR011W,4002
YPL245W,4003
YAL047C,4004
YER137C,4005
YGR222W,4006
YHL026C,4007
YIL117C,4008
YNL166C,4009
YOL136C,4010
YOR147W,4011
YPR083W,4012
YPR193C,4013
YBR108W,4014
YBR145W,4015
YDR478W,4016
YIL016W,4017
YMR159C,4018
YMR168C,4019
YBL025W,4020
YGL151W,4021
YHR149C,4022
YIL101C,4023
YJL089W,4024
YKR020W,4025
YKR037C,4026
YMR112C,4027
YNL086W,4028
YHR097C,4029
YIR010W,4030
YGL071W,4031
YDR350C,4032
YPL005W,4033
YBR047W,4034
YBR194W,4035
YKR072C,4036
YLR194C,4037
YML023C,4038
YDR195W,4039
YER033C,4040
YPL061W,4041
YPR057W,4042
YBL031W,4043
YGR140W,4044
YKL042W,4045
YLR263W,4046
YOL067C,4047
YOR078W,4048
YAL028W,4049
YBR130C,4050
YDL176W,4051
YDR524C,4052
YER038C,4053
YGL226C-A,4054
YGR071C,4055
YGR120C,4056
YGR275W,4057
YHL025W,4058
YKR007W,4059
YLR079W,4060
YLR332W,4061
YMR064W,4062
YNL076W,4063
YNL304W,4064
YOR266W,4065
YOR354C,4066
YPL255W,4067
YBR044C,4068
YBR157C,4069
YBR262C,4070
YDL005C,4071
YDL044C,4072
YDL053C,4073
YDR078C,4074
YDR123C,4075
YDR179C,4076
YER158C,4077
YFR008W,4078
YGL061C,4079
YGR126W,4080
YGR142W,4081
YHR127W,4082
YHR182W,4083
YJL099W,4084
YJR135C,4085
YJR136C,4086
YKL075C,4087
YKR075C,4088
YLL042C,4089
YML029W,4090
YML062C,4091
YMR052W,4092
YNL158W,4093
YOR066W,4094
YBL042C,4095
YBL090W,4096
YBR058C-A,4097
YBR240C,4098
YCL063W,4099
YDL139C,4100
YDL199C,4101
YDR073W,4102
YDR076W,4103
YDR113C,4104
YDR118W,4105
YDR156W,4106
YDR186C,4107
YDR240C,4108
YDR309C,4109
YDR317W,4110
YEL017W,4111
YER104W,4112
YER123W,4113
YER153C,4114
YGL222C,4115
YGL226W,4116
YGR030C,4117
YGR077C,4118
YHL047C,4119
YHR143W,4120
YIL085C,4121
YIR013C,4122
YIR024C,4123
YJL070C,4124
YJL146W,4125
YJL192C,4126
YJR030C,4127
YKL214C,4128
YKL222C,4129
YKR049C,4130
YLR224W,4131
YLR227C,4132
YLR320W,4133
YLR368W,4134
YMR134W,4135
YNL078W,4136
YNL176C,4137
YNL194C,4138
YNL199C,4139
YNL314W,4140
YOL056W,4141
YOR297C,4142
YPL219W,4143
YPL277C,4144
Q0080,4145
YBL029W,4146
YBR077C,4147
YBR197C,4148
YBR225W,4149
YBR284W,4150
YDL012C,4151
YDL129W,4152
YDL180W,4153
YDL186W,4154
YDR138W,4155
YDR218C,4156
YDR239C,4157
YDR249C,4158
YDR370C,4159
YDR512C,4160
YEL005C,4161
YER032W,4162
YER092W,4163
YER147C,4164
YER184C,4165
YGL036W,4166
YGR070W,4167
YGR084C,4168
YGR239C,4169
YHR159W,4170
YIR014W,4171
YJL023C,4172
YJL158C,4173
YJL173C,4174
YJR094C,4175
YKL063C,4176
YKL130C,4177
YKL159C,4178
YLR257W,4179
YLR258W,4180
YLR301W,4181
YLR329W,4182
YLR376C,4183
YMR066W,4184
YMR160W,4185
YMR187C,4186
YMR204C,4187
YMR298W,4188
YNL144C,4189
YNL165W,4190
YNL225C,4191
YNL295W,4192
YOL036W,4193
YOL104C,4194
YOL117W,4195
YOR060C,4196
YOR071C,4197
YOR114W,4198
YOR162C,4199
YOR371C,4200
YPL071C,4201
YPL158C,4202
YAL027W,4203
YBL006C,4204
YBR036C,4205
YBR128C,4206
YBR211C,4207
YBR258C,4208
YCR106W,4209
YDL027C,4210
YDL121C,4211
YDL179W,4212
YDL204W,4213
YDR181C,4214
YDR369C,4215
YDR384C,4216
YDR532C,4217
YEL016C,4218
YEL048C,4219
YEL072W,4220
YER060W-A,4221
YER067W,4222
YER096W,4223
YER167W,4224
YGL032C,4225
YHR184W,4226
YIL057C,4227
YIL082W-A,4228
YIL132C,4229
YJL047C,4230
YJL149W,4231
YJR083C,4232
YKR011C,4233
YLL033W,4234
YLR040C,4235
YLR073C,4236
YLR081W,4237
YLR199C,4238
YLR226W,4239
YLR266C,4240
YLR353W,4241
YLR460C,4242
YML107C,4243
YML108W,4244
YMR184W,4245
YMR299C,4246
YNL077W,4247
YNL093W,4248
YNL327W,4249
YNR049C,4250
YOR264W,4251
YOR372C,4252
YPL068C,4253
YPL077C,4254
YPL161C,4255
YPL229W,4256
YPR001W,4257
YPR070W,4258
YPR148C,4259
YDR144C,4260
YGL249W,4261
YGR067C,4262
YGR179C,4263
YIR025W,4264
YJL151C,4265
YKL050C,4266
YLR018C,4267
YLR385C,4268
YML119W,4269
YML129C,4270
YMR144W,4271
YNL133C,4272
YNR022C,4273
YOR229W,4274
YPL014W,4275
YPL159C,4276
YPL193W,4277
YBR230C,4278
YCR040W,4279
YDL099W,4280
YDR207C,4281
YDR219C,4282
YFL056C,4283
YHR022C,4284
YHR167W,4285
YIL136W,4286
YJR043C,4287
YLR446W,4288
YMR094W,4289
YMR133W,4290
YMR207C,4291
YNL214W,4292
YNL309W,4293
YNR045W,4294
YOL044W,4295
YOR279C,4296
YPL075W,4297
YBR168W,4298
YCR082W,4299
YDL220C,4300
YGL075C,4301
YGR075C,4302
YGR122W,4303
YKL204W,4304
YKR046C,4305
YKR064W,4306
YLR369W,4307
YLR457C,4308
YMR163C,4309
YMR198W,4310
YNL159C,4311
YNL180C,4312
YNL208W,4313
YPL166W,4314
YDR070C,4315
YHR195W,4316
YLR054C,4317
YPL055C,4318
YPR030W,4319
YPR171W,4320
YDR130C,4321
YGR130C,4322
YIL169C,4323
YNL100W,4324
YNR010W,4325
YPL156C,4326
YGR079W,4327
YLR052W,4328
YLR219W,4329
YML082W,4330
YDR307W,4331
YJL016W,4332
YBR096W,4333
YDR387C,4334
YML020W,4335
YHR061C,4336
YKL208W,4337
YDR303C,4338
YEL018W,4339
YHR152W,4340
YJL139C,4341
YEL071W,4342
YOR083W,4343
YBR264C,4344
YDL093W,4345
YDR310C,4346
YDR439W,4347
YIL040W,4348
YIL122W,4349
YKL061W,4350
YKL161C,4351
YLL022C,4352
YMR003W,4353
YNR024W,4354
YPL139C,4355
YPL274W,4356
YCL036W,4357
YDR260C,4358
YER064C,4359
YFR039C,4360
YGL229C,4361
YKR027W,4362
YML006C,4363
YNL157W,4364
YOR192C,4365
YOR315W,4366
YOR393W,4367
YPR101W,4368
YBR045C,4369
YBR076W,4370
YBR188C,4371
YCL005W,4372
YCL028W,4373
YCR076C,4374
YDR022C,4375
YDR119W,4376
YDR227W,4377
YDR516C,4378
YER018C,4379
YER106W,4380
YFL052W,4381
YFR036W,4382
YFR046C,4383
YGL117W,4384
YGR236C,4385
YHR129C,4386
YIL055C,4387
YJR115W,4388
YKL133C,4389
YLR190W,4390
YLR265C,4391
YNL210W,4392
YNR009W,4393
YNR066C,4394
YOR047C,4395
YOR076C,4396
YOR213C,4397
YOR382W,4398
YPR106W,4399
YPR134W,4400
YAR023C,4401
YBL059W,4402
YBR067C,4403
YCR007C,4404
YCR024C-A,4405
YDL080C,4406
YDR223W,4407
YDR351W,4408
YGR023W,4409
YGR161C,4410
YGR206W,4411
YHL006C,4412
YJL107C,4413
YJR021C,4414
YLR267W,4415
YLR390W,4416
YMR271C,4417
YMR323W,4418
YNR056C,4419
YNR063W,4420
YOR385W,4421
YPL018W,4422
YPL052W,4423
YPL202C,4424
YBL081W,4425
YBR250W,4426
YCL069W,4427
YCR096C,4428
YDR055W,4429
YDR522C,4430
YER011W,4431
YFR017C,4432
YGL025C,4433
YGL090W,4434
YGR049W,4435
YGR131W,4436
YGR168C,4437
YGR221C,4438
YIR018W,4439
YJL170C,4440
YJL209W,4441
YJR061W,4442
YKL112W,4443
YKR106W,4444
YLL054C,4445
YLR049C,4446
YLR273C,4447
YLR315W,4448
YMR111C,4449
YMR206W,4450
YMR316W,4451
YNL160W,4452
YNL300W,4453
YNR061C,4454
YOR108W,4455
YOR387C,4456
YPL144W,4457
YPL241C,4458
YPL253C,4459
YPL272C,4460
YCL056C,4461
YDL239C,4462
YDR383C,4463
YDR534C,4464
YHR199C,4465
YKR091W,4466
YMR255W,4467
YOR177C,4468
YPL267W,4469
YPR115W,4470
YDR046C,4471
YER079W,4472
YFL067W,4473
YHR094C,4474
YKL127W,4475
YOR097C,4476
YPL049C,4477
YPR046W,4478
YDR423C,4479
YER180C,4480
YGL121C,4481
YGR180C,4482
YIL011W,4483
YLR102C,4484
YLR413W,4485
YML058W,4486
YNL145W,4487
YOR179C,4488
YOR230W,4489
YPL201C,4490
YPR164W,4491
YCL049C,4492
YHL038C,4493
YKL109W,4494
YML037C,4495
YMR025W,4496
YDL232W,4497
YGR161W-B,4498
YCL019W,4499
YNL095C,4500
YLR410W-B,4501
YLR211C,4502
YOL103W-B,4503
YDR261W-B,4504
YER138C,4505
YER160C,4506
YGL146C,4507
YHR214C-B,4508
YIL024C,4509
YNL284C-B,4510
YPL130W,4511
Q0010,4512
Q0017,4513
Q0032,4514
Q0045,4515
Q0055,4516
Q0060,4517
Q0065,4518
Q0070,4519
Q0075,4520
Q0092,4521
Q0105,4522
Q0110,4523
Q0115,4524
Q0120,4525
Q0140,4526
Q0143,4527
Q0160,4528
Q0182,4529
Q0255,4530
R0010W,4531
R0020C,4532
R0030W,4533
R0040C,4534
YAL004W,4535
YAL008W,4536
YAL019W-A,4537
YAL020C,4538
YAL037W,4539
YAL039C,4540
YAL044C,4541
YAL044W-A,4542
YAL045C,4543
YAL046C,4544
YAL056W,4545
YAL063C,4546
YAL063C-A,4547
YAL064C-A,4548
YAL064W,4549
YAL064W-B,4550
YAL065C,4551
YAL066W,4552
YAL068C,4553
YAL068W-A,4554
YAL069W,4555
YAR009C,4556
YAR010C,4557
YAR015W,4558
YAR020C,4559
YAR027W,4560
YAR028W,4561
YAR029W,4562
YAR030C,4563
YAR031W,4564
YAR033W,4565
YAR047C,4566
YAR050W,4567
YAR060C,4568
YAR064W,4569
YAR066W,4570
YAR068W,4571
YAR069C,4572
YAR070C,4573
YAR073W,4574
YAR075W,4575
YBL005W,4576
YBL005W-B,4577
YBL011W,4578
YBL028C,4579
YBL029C-A,4580
YBL039W-B,4581
YBL044W,4582
YBL048W,4583
YBL053W,4584
YBL054W,4585
YBL055C,4586
YBL057C,4587
YBL059C-A,4588
YBL060W,4589
YBL065W,4590
YBL069W,4591
YBL071C,4592
YBL071W-A,4593
YBL073W,4594
YBL077W,4595
YBL083C,4596
YBL087C,4597
YBL091C-A,4598
YBL094C,4599
YBL096C,4600
YBL100C,4601
YBL100W-A,4602
YBL108W,4603
YBL109W,4604
YBL111C,4605
YBL112C,4606
YBL113C,4607
YBL113W-A,4608
YBR002C,4609
YBR005W,4610
YBR009C,4611
YBR012C,4612
YBR012W-B,4613
YBR013C,4614
YBR016W,4615
YBR022W,4616
YBR026C,4617
YBR027C,4618
YBR030W,4619
YBR031W,4620
YBR033W,4621
YBR046C,4622
YBR048W,4623
YBR050C,4624
YBR051W,4625
YBR052C,4626
YBR056W-A,4627
YBR062C,4628
YBR063C,4629
YBR064W,4630
YBR071W,4631
YBR084C-A,4632
YBR085C-A,4633
YBR089W,4634
YBR090C,4635
YBR092C,4636
YBR099C,4637
YBR104W,4638
YBR107C,4639
YBR109W-A,4640
YBR111C,4641
YBR113W,4642
YBR116C,4643
YBR124W,4644
YBR126W-A,4645
YBR126W-B,4646
YBR134W,4647
YBR144C,4648
YBR147W,4649
YBR148W,4650
YBR150C,4651
YBR151W,4652
YBR152W,4653
YBR153W,4654
YBR164C,4655
YBR165W,4656
YBR174C,4657
YBR178W,4658
YBR181C,4659
YBR184W,4660
YBR189W,4661
YBR190W,4662
YBR191W,4663
YBR201C-A,4664
YBR209W,4665
YBR210W,4666
YBR219C,4667
YBR226C,4668
YBR230W-A,4669
YBR233W-A,4670
YBR255C-A,4671
YBR256C,4672
YBR259W,4673
YBR266C,4674
YBR268W,4675
YBR277C,4676
YBR285W,4677
YBR292C,4678
YBR294W,4679
YBR296C-A,4680
YBR297W,4681
YBR300C,4682
YBR301W,4683
YBR302C,4684
YCL001W,4685
YCL001W-A,4686
YCL001W-B,4687
YCL002C,4688
YCL005W-A,4689
YCL007C,4690
YCL012C,4691
YCL020W,4692
YCL021W-A,4693
YCL023C,4694
YCL026C-A,4695
YCL026C-B,4696
YCL042W,4697
YCL046W,4698
YCL047C,4699
YCL048W-A,4700
YCL057C-A,4701
YCL058C,4702
YCL058W-A,4703
YCL065W,4704
YCL066W,4705
YCL067C,4706
YCL068C,4707
YCL073C,4708
YCL076W,4709
YCR001W,4710
YCR013C,4711
YCR017C,4712
YCR018C,4713
YCR019W,4714
YCR020C,4715
YCR020W-B,4716
YCR022C,4717
YCR024C-B,4718
YCR025C,4719
YCR026C,4720
YCR031C,4721
YCR032W,4722
YCR041W,4723
YCR043C,4724
YCR050C,4725
YCR051W,4726
YCR069W,4727
YCR073W-A,4728
YCR075W-A,4729
YCR083W,4730
YCR087W,4731
YCR089W,4732
YCR090C,4733
YCR097W-A,4734
YCR099C,4735
YCR100C,4736
YCR101C,4737
YCR102C,4738
YCR102W-A,4739
YCR104W,4740
YCR107W,4741
YCR108C,4742
YDL009C,4743
YDL010W,4744
YDL011C,4745
YDL016C,4746
YDL018C,4747
YDL021W,4748
YDL023C,4749
YDL026W,4750
YDL032W,4751
YDL033C,4752
YDL034W,4753
YDL037C,4754
YDL039C,4755
YDL041W,4756
YDL048C,4757
YDL050C,4758
YDL057W,4759
YDL062W,4760
YDL069C,4761
YDL071C,4762
YDL083C,4763
YDL085C-A,4764
YDL094C,4765
YDL096C,4766
YDL107W,4767
YDL109C,4768
YDL118W,4769
YDL120W,4770
YDL122W,4771
YDL130W-A,4772
YDL133C-A,4773
YDL136W,4774
YDL141W,4775
YDL142C,4776
YDL151C,4777
YDL152W,4778
YDL158C,4779
YDL159W-A,4780
YDL160C-A,4781
YDL162C,4782
YDL169C,4783
YDL170W,4784
YDL172C,4785
YDL174C,4786
YDL177C,4787
YDL182W,4788
YDL184C,4789
YDL194W,4790
YDL196W,4791
YDL197C,4792
YDL205C,4793
YDL211C,4794
YDL221W,4795
YDL222C,4796
YDL223C,4797
YDL227C,4798
YDL228C,4799
YDL234C,4800
YDL241W,4801
YDL242W,4802
YDL244W,4803
YDL245C,4804
YDL247W,4805
YDL248W,4806
YDR003W-A,4807
YDR010C,4808
YDR011W,4809
YDR014W,4810
YDR014W-A,4811
YDR015C,4812
YDR019C,4813
YDR024W,4814
YDR025W,4815
YDR033W,4816
YDR034C-A,4817
YDR034W-B,4818
YDR035W,4819
YDR042C,4820
YDR047W,4821
YDR053W,4822
YDR057W,4823
YDR058C,4824
YDR059C,4825
YDR064W,4826
YDR065W,4827
YDR083W,4828
YDR089W,4829
YDR090C,4830
YDR095C,4831
YDR102C,4832
YDR109C,4833
YDR112W,4834
YDR117C,4835
YDR119W-A,4836
YDR124W,4837
YDR125C,4838
YDR133C,4839
YDR136C,4840
YDR147W,4841
YDR149C,4842
YDR153C,4843
YDR154C,4844
YDR157W,4845
YDR161W,4846
YDR163W,4847
YDR170W-A,4848
YDR179W-A,4849
YDR182W,4850
YDR185C,4851
YDR191W,4852
YDR193W,4853
YDR197W,4854
YDR199W,4855
YDR204W,4856
YDR210W,4857
YDR215C,4858
YDR220C,4859
YDR222W,4860
YDR230W,4861
YDR232W,4862
YDR234W,4863
YDR248C,4864
YDR250C,4865
YDR251W,4866
YDR252W,4867
YDR257C,4868
YDR258C,4869
YDR261C,4870
YDR261W-A,4871
YDR269C,4872
YDR271C,4873
YDR272W,4874
YDR273W,4875
YDR274C,4876
YDR275W,4877
YDR281C,4878
YDR282C,4879
YDR290W,4880
YDR294C,4881
YDR302W,4882
YDR320C-A,4883
YDR325W,4884
YDR327W,4885
YDR336W,4886
YDR338C,4887
YDR340W,4888
YDR344C,4889
YDR352W,4890
YDR354W,4891
YDR358W,4892
YDR360W,4893
YDR366C,4894
YDR374W-A,4895
YDR375C,4896
YDR379C-A,4897
YDR381C-A,4898
YDR385W,4899
YDR391C,4900
YDR393W,4901
YDR396W,4902
YDR402C,4903
YDR411C,4904
YDR413C,4905
YDR417C,4906
YDR418W,4907
YDR420W,4908
YDR431W,4909
YDR433W,4910
YDR434W,4911
YDR437W,4912
YDR441C,4913
YDR442W,4914
YDR445C,4915
YDR447C,4916
YDR451C,4917
YDR455C,4918
YDR458C,4919
YDR461C-A,4920
YDR461W,4921
YDR470C,4922
YDR471W,4923
YDR476C,4924
YDR480W,4925
YDR481C,4926
YDR486C,4927
YDR491C,4928
YDR493W,4929
YDR494W,4930
YDR495C,4931
YDR504C,4932
YDR509W,4933
YDR518W,4934
YDR519W,4935
YDR524C-B,4936
YDR524W-C,4937
YDR525W,4938
YDR525W-A,4939
YDR526C,4940
YDR528W,4941
YDR539W,4942
YDR540C,4943
YDR542W,4944
YDR543C,4945
YDR544C,4946
YDR545C-A,4947
YDR545W,4948
YEL001C,4949
YEL007W,4950
YEL008W,4951
YEL017C-A,4952
YEL025C,4953
YEL028W,4954
YEL029C,4955
YEL030W,4956
YEL033W,4957
YEL035C,4958
YEL040W,4959
YEL044W,4960
YEL049W,4961
YEL052W,4962
YEL057C,4963
YEL059C-A,4964
YEL059W,4965
YEL068C,4966
YEL073C,4967
YEL074W,4968
YEL075C,4969
YEL075W-A,4970
YEL076C,4971
YEL076C-A,4972
YEL077C,4973
YEL077W-A,4974
YER014C-A,4975
YER024W,4976
YER034W,4977
YER035W,4978
YER039C,4979
YER039C-A,4980
YER042W,4981
YER044C-A,4982
YER048W-A,4983
YER050C,4984
YER053C-A,4985
YER056C-A,4986
YER060W,4987
YER066C-A,4988
YER067C-A,4989
YER072W,4990
YER074W,4991
YER074W-A,4992
YER076C,4993
YER080W,4994
YER084W,4995
YER085C,4996
YER087C-A,4997
YER093C-A,4998
YER102W,4999
YER115C,5000
YER121W,5001
YER130C,5002
YER134C,5003
YER141W,5004
YER159C-A,5005
YER172C-A,5006
YER180C-A,5007
YER181C,5008
YER185W,5009
YER186C,5010
YER188C-A,5011
YER188W,5012
YER189W,5013
YER190C-A,5014
YER190C-B,5015
YER190W,5016
YFL002W-B,5017
YFL010W-A,5018
YFL012W,5019
YFL015C,5020
YFL020C,5021
YFL032W,5022
YFL034C-A,5023
YFL041W-A,5024
YFL046W,5025
YFL051C,5026
YFL057C,5027
YFL062W,5028
YFL063W,5029
YFL064C,5030
YFL065C,5031
YFL066C,5032
YFL068W,5033
YFR005C,5034
YFR012W,5035
YFR023W,5036
YFR025C,5037
YFR026C,5038
YFR031C-A,5039
YFR032C-A,5040
YFR035C,5041
YFR036W-A,5042
YFR041C,5043
YFR048W,5044
YFR054C,5045
YFR057W,5046
YGL002W,5047
YGL007W,5048
YGL015C,5049
YGL024W,5050
YGL031C,5051
YGL033W,5052
YGL041C,5053
YGL041W-A,5054
YGL042C,5055
YGL051W,5056
YGL052W,5057
YGL053W,5058
YGL056C,5059
YGL057C,5060
YGL067W,5061
YGL069C,5062
YGL072C,5063
YGL074C,5064
YGL076C,5065
YGL080W,5066
YGL081W,5067
YGL082W,5068
YGL089C,5069
YGL101W,5070
YGL102C,5071
YGL103W,5072
YGL107C,5073
YGL108C,5074
YGL123W,5075
YGL132W,5076
YGL135W,5077
YGL136C,5078
YGL140C,5079
YGL149W,5080
YGL152C,5081
YGL158W,5082
YGL159W,5083
YGL160W,5084
YGL164C,5085
YGL165C,5086
YGL168W,5087
YGL170C,5088
YGL177W,5089
YGL188C,5090
YGL191W,5091
YGL193C,5092
YGL196W,5093
YGL199C,5094
YGL203C,5095
YGL204C,5096
YGL209W,5097
YGL211W,5098
YGL214W,5099
YGL217C,5100
YGL219C,5101
YGL224C,5102
YGL228W,5103
YGL230C,5104
YGL231C,5105
YGL232W,5106
YGL235W,5107
YGL239C,5108
YGL243W,5109
YGL248W,5110
YGL255W,5111
YGL257C,5112
YGL258W,5113
YGL259W,5114
YGL260W,5115
YGL261C,5116
YGL262W,5117
YGL263W,5118
YGR001C,5119
YGR007W,5120
YGR008C,5121
YGR011W,5122
YGR012W,5123
YGR015C,5124
YGR018C,5125
YGR019W,5126
YGR022C,5127
YGR027C,5128
YGR031C-A,5129
YGR035C,5130
YGR041W,5131
YGR043C,5132
YGR044C,5133
YGR045C,5134
YGR050C,5135
YGR064W,5136
YGR069W,5137
YGR073C,5138
YGR093W,5139
YGR096W,5140
YGR106C,5141
YGR107W,5142
YGR112W,5143
YGR114C,5144
YGR115C,5145
YGR118W,5146
YGR127W,5147
YGR137W,5148
YGR139W,5149
YGR146C,5150
YGR147C,5151
YGR151C,5152
YGR153W,5153
YGR154C,5154
YGR160W,5155
YGR161C-D,5156
YGR161W-C,5157
YGR169C-A,5158
YGR174W-A,5159
YGR176W,5160
YGR182C,5161
YGR183C,5162
YGR212W,5163
YGR219W,5164
YGR228W,5165
YGR230W,5166
YGR240C-A,5167
YGR242W,5168
YGR248W,5169
YGR259C,5170
YGR265W,5171
YGR269W,5172
YGR271C-A,5173
YGR272C,5174
YGR273C,5175
YGR286C,5176
YGR287C,5177
YGR288W,5178
YGR290W,5179
YGR291C,5180
YGR293C,5181
YGR294W,5182
YGR295C,5183
YGR296C-A,5184
YGR296C-B,5185
YGR296W,5186
YHL005C,5187
YHL009W-B,5188
YHL012W,5189
YHL013C,5190
YHL028W,5191
YHL040C,5192
YHL042W,5193
YHL043W,5194
YHL044W,5195
YHL045W,5196
YHL046C,5197
YHL048W,5198
YHL049C,5199
YHL050C,5200
YHL050W-A,5201
YHR001W-A,5202
YHR003C,5203
YHR006W,5204
YHR010W,5205
YHR014W,5206
YHR017W,5207
YHR021C,5208
YHR021W-A,5209
YHR029C,5210
YHR037W,5211
YHR049C-A,5212
YHR050W-A,5213
YHR053C,5214
YHR054C,5215
YHR055C,5216
YHR056C,5217
YHR063W-A,5218
YHR093W,5219
YHR095W,5220
YHR101C,5221
YHR104W,5222
YHR126C,5223
YHR130C,5224
YHR131C,5225
YHR132W-A,5226
YHR133C,5227
YHR136C,5228
YHR139C,5229
YHR141C,5230
YHR145C,5231
YHR146W,5232
YHR150W,5233
YHR153C,5234
YHR155W,5235
YHR157W,5236
YHR160C,5237
YHR162W,5238
YHR173C,5239
YHR176W,5240
YHR180W,5241
YHR181W,5242
YHR185C,5243
YHR192W,5244
YHR199C-A,5245
YHR202W,5246
YHR210C,5247
YHR212W-A,5248
YHR213W,5249
YHR213W-A,5250
YHR213W-B,5251
YHR214C-D,5252
YHR214W,5253
YHR214W-A,5254
YHR217C,5255
YHR218W,5256
YHR218W-A,5257
YHR219C-A,5258
YHR219W,5259
YIL002W-A,5260
YIL003W,5261
YIL014C-A,5262
YIL015W,5263
YIL025C,5264
YIL028W,5265
YIL029C,5266
YIL032C,5267
YIL036W,5268
YIL037C,5269
YIL043C,5270
YIL054W,5271
YIL058W,5272
YIL059C,5273
YIL060W,5274
YIL067C,5275
YIL069C,5276
YIL073C,5277
YIL082W,5278
YIL083C,5279
YIL086C,5280
YIL087C,5281
YIL089W,5282
YIL090W,5283
YIL092W,5284
YIL099W,5285
YIL105W-A,5286
YIL107C,5287
YIL116W,5288
YIL119C,5289
YIL123W,5290
YIL127C,5291
YIL133C,5292
YIL141W,5293
YIL146C,5294
YIL152W,5295
YIL155C,5296
YIL156W-B,5297
YIL158W,5298
YIL161W,5299
YIL163C,5300
YIL164C,5301
YIL165C,5302
YIL176C,5303
YIL177C,5304
YIL177W-A,5305
YIR003W,5306
YIR007W,5307
YIR015W,5308
YIR016W,5309
YIR019C,5310
YIR020C,5311
YIR021W,5312
YIR029W,5313
YIR030C,5314
YIR040C,5315
YIR041W,5316
YJL003W,5317
YJL009W,5318
YJL015C,5319
YJL027C,5320
YJL028W,5321
YJL032W,5322
YJL037W,5323
YJL038C,5324
YJL043W,5325
YJL046W,5326
YJL049W,5327
YJL051W,5328
YJL062W-A,5329
YJL064W,5330
YJL067W,5331
YJL073W,5332
YJL075C,5333
YJL077C,5334
YJL077W-B,5335
YJL086C,5336
YJL101C,5337
YJL103C,5338
YJL104W,5339
YJL105W,5340
YJL114W,5341
YJL116C,5342
YJL118W,5343
YJL120W,5344
YJL121C,5345
YJL126W,5346
YJL127C,5347
YJL127C-B,5348
YJL127W-A,5349
YJL132W,5350
YJL133C-A,5351
YJL135W,5352
YJL136C,5353
YJL142C,5354
YJL144W,5355
YJL147C,5356
YJL148W,5357
YJL152W,5358
YJL160C,5359
YJL161W,5360
YJL171C,5361
YJL175W,5362
YJL177W,5363
YJL181W,5364
YJL182C,5365
YJL185C,5366
YJL188C,5367
YJL195C,5368
YJL199C,5369
YJL202C,5370
YJL205C,5371
YJL206C,5372
YJL211C,5373
YJL215C,5374
YJL216C,5375
YJL217W,5376
YJL219W,5377
YJL221C,5378
YJL222W-A,5379
YJL222W-B,5380
YJL223C,5381
YJL225C,5382
YJL225W-A,5383
YJR011C,5384
YJR012C,5385
YJR013W,5386
YJR020W,5387
YJR023C,5388
YJR027W,5389
YJR028W,5390
YJR029W,5391
YJR036C,5392
YJR037W,5393
YJR038C,5394
YJR039W,5395
YJR046W,5396
YJR071W,5397
YJR078W,5398
YJR079W,5399
YJR085C,5400
YJR087W,5401
YJR088C,5402
YJR094W-A,5403
YJR096W,5404
YJR107W,5405
YJR108W,5406
YJR111C,5407
YJR112W-A,5408
YJR114W,5409
YJR118C,5410
YJR120W,5411
YJR129C,5412
YJR137C,5413
YJR142W,5414
YJR145C,5415
YJR146W,5416
YJR147W,5417
YJR150C,5418
YJR151C,5419
YJR151W-A,5420
YJR153W,5421
YJR155W,5422
YJR156C,5423
YJR157W,5424
YJR158W,5425
YJR160C,5426
YJR161C,5427
YJR162C,5428
YKL005C,5429
YKL006W,5430
YKL018C-A,5431
YKL023W,5432
YKL027W,5433
YKL030W,5434
YKL032C,5435
YKL033W-A,5436
YKL036C,5437
YKL037W,5438
YKL041W,5439
YKL044W,5440
YKL046C,5441
YKL053C-A,5442
YKL065W-A,5443
YKL068W-A,5444
YKL071W,5445
YKL076C,5446
YKL083W,5447
YKL091C,5448
YKL093W,5449
YKL094W,5450
YKL096W,5451
YKL096W-A,5452
YKL097C,5453
YKL100C,5454
YKL102C,5455
YKL105C,5456
YKL111C,5457
YKL118W,5458
YKL121W,5459
YKL128C,5460
YKL132C,5461
YKL138C-A,5462
YKL147C,5463
YKL151C,5464
YKL153W,5465
YKL156W,5466
YKL162C,5467
YKL163W,5468
YKL169C,5469
YKL177W,5470
YKL184W,5471
YKL187C,5472
YKL202W,5473
YKL207W,5474
YKL219W,5475
YKL223W,5476
YKL224C,5477
YKL225W,5478
YKR003W,5479
YKR004C,5480
YKR005C,5481
YKR010C,5482
YKR012C,5483
YKR013W,5484
YKR015C,5485
YKR019C,5486
YKR022C,5487
YKR032W,5488
YKR033C,5489
YKR035C,5490
YKR035W-A,5491
YKR040C,5492
YKR041W,5493
YKR042W,5494
YKR045C,5495
YKR047W,5496
YKR056W,5497
YKR057W,5498
YKR059W,5499
YKR073C,5500
YKR076W,5501
YKR077W,5502
YKR078W,5503
YKR094C,5504
YKR097W,5505
YKR098C,5506
YKR101W,5507
YKR102W,5508
YKR103W,5509
YKR104W,5510
YLL007C,5511
YLL016W,5512
YLL018C-A,5513
YLL020C,5514
YLL025W,5515
YLL030C,5516
YLL035W,5517
YLL037W,5518
YLL039C,5519
YLL044W,5520
YLL045C,5521
YLL047W,5522
YLL049W,5523
YLL052C,5524
YLL053C,5525
YLL055W,5526
YLL057C,5527
YLL058W,5528
YLL059C,5529
YLL063C,5530
YLL064C,5531
YLL065W,5532
YLL066C,5533
YLL066W-A,5534
YLL066W-B,5535
YLL067C,5536
YLL067W-A,5537
YLR010C,5538
YLR012C,5539
YLR013W,5540
YLR020C,5541
YLR022C,5542
YLR023C,5543
YLR029C,5544
YLR030W,5545
YLR031W,5546
YLR036C,5547
YLR037C,5548
YLR041W,5549
YLR042C,5550
YLR043C,5551
YLR046C,5552
YLR047C,5553
YLR048W,5554
YLR053C,5555
YLR061W,5556
YLR062C,5557
YLR069C,5558
YLR076C,5559
YLR082C,5560
YLR084C,5561
YLR089C,5562
YLR091W,5563
YLR099W-A,5564
YLR101C,5565
YLR107W,5566
YLR111W,5567
YLR112W,5568
YLR120W-A,5569
YLR123C,5570
YLR124W,5571
YLR125W,5572
YLR139C,5573
YLR140W,5574
YLR146W-A,5575
YLR154C,5576
YLR154C-G,5577
YLR154W-A,5578
YLR154W-C,5579
YLR155C,5580
YLR156W,5581
YLR157C,5582
YLR157W-E,5583
YLR159C-A,5584
YLR159W,5585
YLR160C,5586
YLR161W,5587
YLR162W,5588
YLR162W-A,5589
YLR165C,5590
YLR169W,5591
YLR171W,5592
YLR179C,5593
YLR188W,5594
YLR195C,5595
YLR198C,5596
YLR202C,5597
YLR204W,5598
YLR217W,5599
YLR225C,5600
YLR232W,5601
YLR233C,5602
YLR235C,5603
YLR236C,5604
YLR244C,5605
YLR252W,5606
YLR254C,5607
YLR255C,5608
YLR256W,5609
YLR256W-A,5610
YLR260W,5611
YLR261C,5612
YLR262C-A,5613
YLR264C-A,5614
YLR269C,5615
YLR272C,5616
YLR280C,5617
YLR286C,5618
YLR287C-A,5619
YLR294C,5620
YLR297W,5621
YLR302C,5622
YLR307W,5623
YLR311C,5624
YLR312C,5625
YLR317W,5626
YLR322W,5627
YLR331C,5628
YLR334C,5629
YLR338W,5630
YLR339C,5631
YLR341W,5632
YLR342W-A,5633
YLR346C,5634
YLR349W,5635
YLR358C,5636
YLR360W,5637
YLR361C-A,5638
YLR364W,5639
YLR365W,5640
YLR366W,5641
YLR367W,5642
YLR373C,5643
YLR374C,5644
YLR375W,5645
YLR379W,5646
YLR380W,5647
YLR382C,5648
YLR400W,5649
YLR402W,5650
YLR404W,5651
YLR405W,5652
YLR407W,5653
YLR408C,5654
YLR412C-A,5655
YLR414C,5656
YLR415C,5657
YLR416C,5658
YLR419W,5659
YLR428C,5660
YLR431C,5661
YLR434C,5662
YLR445W,5663
YLR453C,5664
YLR461W,5665
YLR462W,5666
YLR463C,5667
YLR464W,5668
YLR465C,5669
YLR466C-B,5670
YLR466W,5671
YLR467C-A,5672
YLR467W,5673
YML002W,5674
YML003W,5675
YML004C,5676
YML005W,5677
YML007C-A,5678
YML009C-A,5679
YML017W,5680
YML024W,5681
YML026C,5682
YML047C,5683
YML050W,5684
YML053C,5685
YML054C-A,5686
YML058W-A,5687
YML063W,5688
YML066C,5689
YML073C,5690
YML076C,5691
YML080W,5692
YML081W,5693
YML083C,5694
YML086C,5695
YML087C,5696
YML089C,5697
YML090W,5698
YML094C-A,5699
YML096W,5700
YML101C,5701
YML111W,5702
YML113W,5703
YML116W-A,5704
YML118W,5705
YML124C,5706
YML128C,5707
YML132W,5708
YML133C,5709
YML133W-A,5710
YML133W-B,5711
YMR006C,5712
YMR007W,5713
YMR015C,5714
YMR016C,5715
YMR027W,5716
YMR030W,5717
YMR031W-A,5718
YMR034C,5719
YMR037C,5720
YMR040W,5721
YMR045C,5722
YMR046W-A,5723
YMR052C-A,5724
YMR056C,5725
YMR057C,5726
YMR060C,5727
YMR062C,5728
YMR070W,5729
YMR073C,5730
YMR075C-A,5731
YMR081C,5732
YMR084W,5733
YMR085W,5734
YMR098C,5735
YMR099C,5736
YMR103C,5737
YMR107W,5738
YMR113W,5739
YMR115W,5740
YMR121C,5741
YMR122W-A,5742
YMR126C,5743
YMR130W,5744
YMR135W-A,5745
YMR136W,5746
YMR141C,5747
YMR143W,5748
YMR147W,5749
YMR148W,5750
YMR151W,5751
YMR153C-A,5752
YMR158C-A,5753
YMR161W,5754
YMR164C,5755
YMR166C,5756
YMR169C,5757
YMR170C,5758
YMR172C-A,5759
YMR173W-A,5760
YMR174C,5761
YMR175W,5762
YMR181C,5763
YMR185W,5764
YMR191W,5765
YMR194C-B,5766
YMR194W,5767
YMR195W,5768
YMR208W,5769
YMR217W,5770
YMR219W,5771
YMR220W,5772
YMR242C,5773
YMR244C-A,5774
YMR251W,5775
YMR251W-A,5776
YMR252C,5777
YMR256C,5778
YMR259C,5779
YMR262W,5780
YMR272C,5781
YMR281W,5782
YMR283C,5783
YMR286W,5784
YMR290W-A,5785
YMR294W-A,5786
YMR301C,5787
YMR304C-A,5788
YMR316C-B,5789
YMR317W,5790
YMR320W,5791
YMR321C,5792
YMR322C,5793
YMR325W,5794
YNL009W,5795
YNL010W,5796
YNL013C,5797
YNL018C,5798
YNL019C,5799
YNL022C,5800
YNL024C-A,5801
YNL026W,5802
YNL028W,5803
YNL031C,5804
YNL033W,5805
YNL034W,5806
YNL043C,5807
YNL046W,5808
YNL057W,5809
YNL059C,5810
YNL067W,5811
YNL067W-A,5812
YNL067W-B,5813
YNL069C,5814
YNL074C,5815
YNL080C,5816
YNL083W,5817
YNL089C,5818
YNL105W,5819
YNL108C,5820
YNL109W,5821
YNL111C,5822
YNL114C,5823
YNL115C,5824
YNL117W,5825
YNL120C,5826
YNL123W,5827
YNL130C-A,5828
YNL140C,5829
YNL143C,5830
YNL146W,5831
YNL149C,5832
YNL150W,5833
YNL156C,5834
YNL162W,5835
YNL162W-A,5836
YNL168C,5837
YNL171C,5838
YNL174W,5839
YNL177C,5840
YNL184C,5841
YNL188W,5842
YNL195C,5843
YNL196C,5844
YNL198C,5845
YNL200C,5846
YNL205C,5847
YNL209W,5848
YNL226W,5849
YNL228W,5850
YNL235C,5851
YNL240C,5852
YNL247W,5853
YNL249C,5854
YNL254C,5855
YNL256W,5856
YNL266W,5857
YNL268W,5858
YNL269W,5859
YNL270C,5860
YNL274C,5861
YNL276C,5862
YNL277W-A,5863
YNL283C,5864
YNL285W,5865
YNL294C,5866
YNL296W,5867
YNL297C,5868
YNL299W,5869
YNL302C,5870
YNL303W,5871
YNL305C,5872
YNL310C,5873
YNL319W,5874
YNL322C,5875
YNL324W,5876
YNL325C,5877
YNL332W,5878
YNL335W,5879
YNL336W,5880
YNL337W,5881
YNL338W,5882
YNL339C,5883
YNL339W-A,5884
YNL339W-B,5885
YNR004W,5886
YNR005C,5887
YNR014W,5888
YNR020C,5889
YNR021W,5890
YNR025C,5891
YNR028W,5892
YNR032C-A,5893
YNR034W-A,5894
YNR038W,5895
YNR042W,5896
YNR044W,5897
YNR057C,5898
YNR062C,5899
YNR068C,5900
YNR069C,5901
YNR072W,5902
YNR073C,5903
YNR075C-A,5904
YNR075W,5905
YNR076W,5906
YNR077C,5907
YOL007C,5908
YOL013W-A,5909
YOL014W,5910
YOL015W,5911
YOL017W,5912
YOL023W,5913
YOL024W,5914
YOL025W,5915
YOL026C,5916
YOL027C,5917
YOL028C,5918
YOL029C,5919
YOL035C,5920
YOL038C-A,5921
YOL040C,5922
YOL046C,5923
YOL047C,5924
YOL048C,5925
YOL049W,5926
YOL050C,5927
YOL052C-A,5928
YOL053W,5929
YOL057W,5930
YOL060C,5931
YOL071W,5932
YOL076W,5933
YOL077W-A,5934
YOL079W,5935
YOL082W,5936
YOL083W,5937
YOL084W,5938
YOL085C,5939
YOL086W-A,5940
YOL091W,5941
YOL092W,5942
YOL096C,5943
YOL099C,5944
YOL101C,5945
YOL106W,5946
YOL109W,5947
YOL114C,5948
YOL118C,5949
YOL119C,5950
YOL120C,5951
YOL121C,5952
YOL125W,5953
YOL128C,5954
YOL131W,5955
YOL141W,5956
YOL150C,5957
YOL155C,5958
YOL156W,5959
YOL157C,5960
YOL158C,5961
YOL159C,5962
YOL159C-A,5963
YOL161C,5964
YOL162W,5965
YOL163W,5966
YOL164W,5967
YOL165C,5968
YOR002W,5969
YOR008C-A,5970
YOR009W,5971
YOR010C,5972
YOR012W,5973
YOR013W,5974
YOR015W,5975
YOR019W,5976
YOR020W-A,5977
YOR021C,5978
YOR022C,5979
YOR024W,5980
YOR028C,5981
YOR029W,5982
YOR030W,5983
YOR031W,5984
YOR044W,5985
YOR050C,5986
YOR052C,5987
YOR053W,5988
YOR062C,5989
YOR068C,5990
YOR072W,5991
YOR077W,5992
YOR082C,5993
YOR091W,5994
YOR094W,5995
YOR102W,5996
YOR105W,5997
YOR121C,5998
YOR126C,5999
YOR135C,6000
YOR137C,6001
YOR142W-A,6002
YOR146W,6003
YOR149C,6004
YOR152C,6005
YOR163W,6006
YOR166C,6007
YOR168W,6008
YOR169C,6009
YOR182C,6010
YOR183W,6011
YOR186W,6012
YOR189W,6013
YOR192C-C,6014
YOR193W,6015
YOR203W,6016
YOR214C,6017
YOR216C,6018
YOR218C,6019
YOR223W,6020
YOR225W,6021
YOR228C,6022
YOR234C,6023
YOR235W,6024
YOR237W,6025
YOR238W,6026
YOR247W,6027
YOR248W,6028
YOR253W,6029
YOR255W,6030
YOR256C,6031
YOR263C,6032
YOR268C,6033
YOR277C,6034
YOR278W,6035
YOR280C,6036
YOR282W,6037
YOR284W,6038
YOR287C,6039
YOR291W,6040
YOR296W,6041
YOR300W,6042
YOR301W,6043
YOR302W,6044
YOR304C-A,6045
YOR306C,6046
YOR309C,6047
YOR314W,6048
YOR316C-A,6049
YOR318C,6050
YOR324C,6051
YOR325W,6052
YOR328W,6053
YOR330C,6054
YOR331C,6055
YOR333C,6056
YOR337W,6057
YOR342C,6058
YOR343C,6059
YOR345C,6060
YOR347C,6061
YOR350C,6062
YOR357C,6063
YOR363C,6064
YOR364W,6065
YOR365C,6066
YOR366W,6067
YOR369C,6068
YOR377W,6069
YOR379C,6070
YOR383C,6071
YOR391C,6072
YOR392W,6073
YOR394C-A,6074
YOR394W,6075
YOR396C-A,6076
YOR396W,6077
YPL006W,6078
YPL015C,6079
YPL017C,6080
YPL021W,6081
YPL025C,6082
YPL027W,6083
YPL030W,6084
YPL033C,6085
YPL035C,6086
YPL039W,6087
YPL041C,6088
YPL044C,6089
YPL053C,6090
YPL054W,6091
YPL056C,6092
YPL058C,6093
YPL069C,6094
YPL072W,6095
YPL073C,6096
YPL079W,6097
YPL081W,6098
YPL096C-A,6099
YPL099C,6100
YPL102C,6101
YPL103C,6102
YPL114W,6103
YPL117C,6104
YPL119C-A,6105
YPL123C,6106
YPL124W,6107
YPL135C-A,6108
YPL136W,6109
YPL142C,6110
YPL143W,6111
YPL148C,6112
YPL163C,6113
YPL165C,6114
YPL167C,6115
YPL168W,6116
YPL173W,6117
YPL176C,6118
YPL182C,6119
YPL183C,6120
YPL184C,6121
YPL186C,6122
YPL189C-A,6123
YPL192C,6124
YPL197C,6125
YPL198W,6126
YPL199C,6127
YPL200W,6128
YPL205C,6129
YPL206C,6130
YPL223C,6131
YPL225W,6132
YPL230W,6133
YPL238C,6134
YPL239W,6135
YPL250C,6136
YPL251W,6137
YPL257W,6138
YPL257W-B,6139
YPL261C,6140
YPL268W,6141
YPL273W,6142
YPL279C,6143
YPL280W,6144
YPL281C,6145
YPL282C,6146
YPL283C,6147
YPL283W-A,6148
YPL283W-B,6149
YPR002W,6150
YPR005C,6151
YPR009W,6152
YPR013C,6153
YPR014C,6154
YPR022C,6155
YPR024W,6156
YPR026W,6157
YPR027C,6158
YPR036W-A,6159
YPR043W,6160
YPR044C,6161
YPR053C,6162
YPR059C,6163
YPR060C,6164
YPR061C,6165
YPR064W,6166
YPR071W,6167
YPR076W,6168
YPR077C,6169
YPR078C,6170
YPR080W,6171
YPR087W,6172
YPR089W,6173
YPR092W,6174
YPR096C,6175
YPR098C,6176
YPR099C,6177
YPR108W-A,6178
YPR109W,6179
YPR116W,6180
YPR117W,6181
YPR121W,6182
YPR123C,6183
YPR126C,6184
YPR127W,6185
YPR130C,6186
YPR131C,6187
YPR133W-A,6188
YPR136C,6189
YPR137C-A,6190
YPR137C-B,6191
YPR139C,6192
YPR140W,6193
YPR145C-A,6194
YPR147C,6195
YPR151C,6196
YPR153W,6197
YPR158W,6198
YPR159C-A,6199
YPR160C-A,6200
YPR166C,6201
YPR170W-B,6202
YPR174C,6203
YPR177C,6204
YPR186C,6205
YPR192W,6206
YPR196W,6207
YPR197C,6208
YPR199C,6209
YPR200C,6210
YPR202W,6211
YPR203W,6212
YPR204C-A,6213
YPR204W,6214
